Date,NTDOY,SONY,MSFT,ATVI,EA,TTWO,NCBDY,CCOEY,TCEHY,SQNXF,1,2,3,4,5,6,7,8,9,10
2020-01-02,0,0,0,0,0,0,0,0,0,0,1180500.0,856500.0,22622100.0,0.0,4293200.0,0.0,0.0,0.0,0.0,0.0
2020-01-03,0,0,0,0,0,0,0,0,0,0,506000.0,0.0,21116200.0,4466300.0,2728500.0,1840300.0,729100.0,0.0,0.0,0.0
2020-01-06,0,0,0,0,0,0,0,0,0,0,1162500.0,755500.0,20813700.0,4910800.0,4712100.0,2934200.0,1678700.0,0.0,0.0,0.0
2020-01-07,0,0,0,0,0,0,0,0,0,0,0.0,0.0,0.0,4920300.0,4667000.0,0.0,1179300.0,917700.0,917700.0,0.0
2020-01-08,0,0,0,0,0,0,0,0,0,0,2783000.0,0.0,27746500.0,0.0,2925200.0,2651600.0,1665900.0,0.0,0.0,0.0
2020-01-09,0,0,0,0,0,0,0,0,0,0,0.0,0.0,21385000.0,0.0,2874000.0,0.0,0.0,834800.0,834800.0,400.0
2020-01-10,0,0,0,0,0,0,0,0,0,0,0.0,0.0,0.0,0.0,5373200.0,0.0,0.0,863800.0,863800.0,400.0
2020-01-13,0,0,0,0,0,0,0,0,0,0,639000.0,1272300.0,21626500.0,4529600.0,4920700.0,1857400.0,1061100.0,0.0,0.0,0.0
2020-01-14,0,0,0,0,0,0,0,0,0,0,594000.0,0.0,0.0,7310500.0,0.0,0.0,1768800.0,811900.0,811900.0,0.0
2020-01-15,0,0,0,0,0,0,0,0,0,0,0.0,1085900.0,21417900.0,0.0,0.0,0.0,0.0,0.0,0.0,1100.0
2020-01-16,0,0,0,0,0,0,0,0,0,0,0.0,1158900.0,23865400.0,7185600.0,2269800.0,2108300.0,1041300.0,0.0,0.0,0.0
2020-01-17,0,0,0,0,0,0,0,0,0,0,0.0,0.0,0.0,8752800.0,1846200.0,3053300.0,1948900.0,0.0,0.0,400.0
2020-01-20,0,0,0,0,0,0,0,0,0,0,0.0,0.0,0.0,0.0,0.0,0.0,0.0,315700.0,315700.0,0.0
2020-01-21,0,0,0,0,0,0,0,0,0,0,0.0,0.0,0.0,6914100.0,0.0,0.0,1398100.0,543400.0,543400.0,100.0
2020-01-22,0,0,0,0,0,0,0,0,0,0,0.0,0.0,0.0,0.0,0.0,2423100.0,0.0,614400.0,614400.0,0.0
2020-01-23,0,0,0,0,0,0,0,0,0,0,526000.0,0.0,19680800.0,0.0,4581700.0,1564900.0,0.0,552000.0,552000.0,0.0
2020-01-24,0,0,0,0,0,0,0,0,0,0,945000.0,0.0,0.0,0.0,0.0,0.0,0.0,0.0,0.0,0.0
2020-01-27,0,0,0,0,0,0,0,0,0,0,1284000.0,0.0,32078100.0,6420000.0,9271000.0,2175500.0,1368600.0,0.0,0.0,0.0
2020-01-28,0,0,0,0,0,0,0,0,0,0,928500.0,812600.0,24899900.0,5644300.0,7210600.0,2961900.0,1502300.0,531200.0,531200.0,100.0
2020-01-29,0,0,0,0,0,0,0,0,0,0,0.0,0.0,34754500.0,0.0,6089200.0,0.0,0.0,578100.0,578100.0,0.0
2020-01-30,0,0,0,0,0,0,0,0,0,0,0.0,870900.0,0.0,5287100.0,5431100.0,3838500.0,1033700.0,0.0,0.0,0.0
2020-01-31,0,0,0,0,0,0,0,0,0,0,0.0,0.0,0.0,0.0,0.0,0.0,0.0,842700.0,842700.0,0.0
2020-02-03,0,0,0,0,0,0,0,0,0,0,0.0,1811100.0,30107000.0,0.0,5344100.0,0.0,0.0,685500.0,685500.0,200.0
2020-02-04,0,0,0,0,0,0,0,0,0,0,2166000.0,1578700.0,36433300.0,6653700.0,0.0,4190500.0,1653600.0,908200.0,908200.0,0.0
2020-02-05,0,0,0,0,0,0,0,0,0,0,2425000.0,0.0,0.0,0.0,0.0,0.0,0.0,814000.0,814000.0,300.0
2020-02-06,0,0,0,0,0,0,0,0,0,0,1834000.0,662600.0,27751400.0,9591500.0,3259800.0,2500600.0,3333700.0,1249800.0,1249800.0,0.0
2020-02-07,0,0,0,0,0,0,0,0,0,0,2522000.0,0.0,33529100.0,12936000.0,0.0,0.0,0.0,0.0,0.0,0.0
2020-02-10,0,0,0,0,0,0,0,0,0,0,3653500.0,929300.0,35844300.0,5279300.0,3547500.0,0.0,0.0,0.0,0.0,0.0
2020-02-11,0,0,0,0,0,0,0,0,0,0,902500.0,0.0,0.0,0.0,0.0,1195300.0,2411100.0,0.0,0.0,0.0
2020-02-12,0,0,0,0,0,0,0,0,0,0,1258000.0,587900.0,0.0,5244200.0,4969300.0,1567200.0,3782300.0,0.0,0.0,0.0
2020-02-13,0,0,0,0,0,0,0,0,0,0,0.0,0.0,35295800.0,3642400.0,3460700.0,0.0,0.0,1256500.0,1256500.0,0.0
2020-02-14,0,0,0,0,0,0,0,0,0,0,2728500.0,0.0,23149500.0,4242400.0,0.0,1227500.0,1117900.0,1301200.0,1301200.0,0.0
2020-02-17,0,0,0,0,0,0,0,0,0,0,0.0,0.0,0.0,0.0,0.0,0.0,0.0,673300.0,673300.0,0.0
2020-02-18,0,0,0,0,0,0,0,0,0,0,1911000.0,2345700.0,27792200.0,5317900.0,2692100.0,2171400.0,1231700.0,0.0,0.0,0.0
2020-02-19,0,0,0,0,0,0,0,0,0,0,1989000.0,1234900.0,0.0,4865900.0,3497100.0,0.0,0.0,1118500.0,1118500.0,0.0
2020-02-20,0,0,0,0,0,0,0,0,0,0,874500.0,0.0,0.0,0.0,0.0,4034000.0,1612100.0,0.0,0.0,100.0
2020-02-21,0,0,0,0,0,0,0,0,0,0,835000.0,0.0,0.0,0.0,0.0,0.0,2337300.0,677200.0,677200.0,0.0
2020-02-24,0,0,0,0,0,0,0,0,0,0,1217500.0,0.0,68311100.0,6102000.0,4669900.0,2817100.0,0.0,0.0,0.0,0.0
2020-02-25,0,0,0,0,0,0,0,0,0,0,0.0,0.0,0.0,0.0,0.0,0.0,0.0,1419500.0,1419500.0,0.0
2020-02-26,0,0,0,0,0,0,0,0,0,0,1204500.0,0.0,56206100.0,0.0,0.0,2858000.0,0.0,0.0,0.0,0.0
2020-02-27,0,0,0,0,0,0,0,0,0,0,0.0,0.0,0.0,9014200.0,0.0,0.0,2502800.0,1247900.0,1247900.0,5100.0
2020-02-28,0,0,0,0,0,0,0,0,0,0,3888000.0,2722600.0,97012700.0,10456000.0,7163400.0,6853700.0,3384800.0,0.0,0.0,0.0
2020-03-02,0,0,0,0,0,0,0,0,0,0,2259500.0,2117900.0,71030800.0,9483100.0,6001300.0,4291500.0,2321900.0,1645500.0,1645500.0,0.0
2020-03-03,0,0,0,0,0,0,0,0,0,0,0.0,0.0,0.0,0.0,0.0,0.0,0.0,0.0,0.0,1000.0
2020-03-04,0,0,0,0,0,0,0,0,0,0,1197500.0,1223800.0,49814400.0,7306400.0,4213600.0,4289700.0,2573300.0,1993200.0,1993200.0,700.0
2020-03-05,0,0,0,0,0,0,0,0,0,0,2066500.0,0.0,47817300.0,6978500.0,6867200.0,3029900.0,2289900.0,0.0,0.0,600.0
2020-03-06,0,0,0,0,0,0,0,0,0,0,968500.0,1165600.0,0.0,9745200.0,0.0,3886200.0,2426100.0,0.0,0.0,1100.0
2020-03-09,0,0,0,0,0,0,0,0,0,0,2255500.0,1374800.0,0.0,13169500.0,0.0,0.0,2388800.0,0.0,0.0,0.0
2020-03-10,0,0,0,0,0,0,0,0,0,0,2001500.0,0.0,65354400.0,15378100.0,0.0,6525600.0,2474300.0,1748800.0,1748800.0,0.0
2020-03-11,0,0,0,0,0,0,0,0,0,0,0.0,0.0,0.0,10530100.0,0.0,0.0,2212100.0,0.0,0.0,0.0
2020-03-12,0,0,0,0,0,0,0,0,0,0,0.0,0.0,0.0,0.0,11802900.0,0.0,0.0,0.0,0.0,200.0
2020-03-13,0,0,0,0,0,0,0,0,0,0,1869500.0,0.0,92727400.0,9943000.0,0.0,0.0,2637100.0,2351200.0,2351200.0,300.0
2020-03-16,0,0,0,0,0,0,0,0,0,0,2145000.0,0.0,0.0,0.0,9104500.0,0.0,2918800.0,0.0,0.0,0.0
2020-03-17,0,0,0,0,0,0,0,0,0,0,2632000.0,1702400.0,81059800.0,10799600.0,8603800.0,6370100.0,2956100.0,2008600.0,2008600.0,200.0
2020-03-18,0,0,0,0,0,0,0,0,0,0,1833000.0,3626500.0,81593200.0,14550100.0,8460300.0,0.0,0.0,0.0,0.0,3000.0
2020-03-19,0,0,0,0,0,0,0,0,0,0,1835500.0,2382900.0,0.0,0.0,7809200.0,0.0,0.0,2845400.0,2845400.0,1000.0
2020-03-20,0,0,0,0,0,0,0,0,0,0,0.0,0.0,0.0,0.0,0.0,0.0,0.0,0.0,0.0,300.0
2020-03-23,0,0,0,0,0,0,0,0,0,0,1488500.0,0.0,0.0,19601600.0,8613400.0,8149000.0,2892900.0,1625700.0,1625700.0,0.0
2020-03-24,0,0,0,0,0,0,0,0,0,0,0.0,2281900.0,82516700.0,0.0,11939500.0,0.0,0.0,2435700.0,2435700.0,600.0
2020-03-25,0,0,0,0,0,0,0,0,0,0,0.0,0.0,0.0,0.0,5177200.0,0.0,0.0,1869400.0,1869400.0,0.0
2020-03-26,0,0,0,0,0,0,0,0,0,0,6165500.0,1465400.0,64568100.0,9991800.0,7463400.0,5750300.0,2233700.0,1187900.0,1187900.0,0.0
2020-03-27,0,0,0,0,0,0,0,0,0,0,2746000.0,0.0,0.0,8513700.0,3762200.0,0.0,0.0,1779600.0,1779600.0,0.0
2020-03-30,0,0,0,0,0,0,0,0,0,0,3060500.0,1215200.0,63420300.0,9311300.0,3769000.0,3352700.0,3389300.0,0.0,0.0,2200.0
2020-03-31,0,0,0,0,0,0,0,0,0,0,2230000.0,0.0,0.0,10128800.0,2589900.0,3762300.0,3100400.0,0.0,0.0,700.0
2020-04-01,0,0,0,0,0,0,0,0,0,0,3479500.0,0.0,0.0,0.0,0.0,0.0,3031100.0,0.0,0.0,0.0
2020-04-02,0,0,0,0,0,0,0,0,0,0,1677500.0,1107900.0,49630700.0,8032900.0,3199500.0,3793000.0,1725800.0,0.0,0.0,0.0
2020-04-03,0,0,0,0,0,0,0,0,0,0,0.0,0.0,0.0,0.0,0.0,4084300.0,0.0,1210200.0,1210200.0,200.0
2020-04-06,0,0,0,0,0,0,0,0,0,0,2363000.0,1196800.0,67111700.0,10077400.0,2822300.0,4280200.0,1626900.0,1097700.0,1097700.0,1500.0
2020-04-07,0,0,0,0,0,0,0,0,0,0,0.0,0.0,0.0,0.0,0.0,0.0,0.0,1153000.0,1153000.0,0.0
2020-04-08,0,0,0,0,0,0,0,0,0,0,2581000.0,1112600.0,0.0,7420300.0,3214300.0,0.0,0.0,0.0,0.0,700.0
2020-04-09,0,0,0,0,0,0,0,0,0,0,2780000.0,0.0,0.0,0.0,0.0,0.0,0.0,0.0,0.0,0.0
2020-04-10,0,0,0,0,0,0,0,0,0,0,0.0,0.0,0.0,0.0,0.0,0.0,0.0,1461400.0,1461400.0,0.0
2020-04-13,0,0,0,0,0,0,0,0,0,0,1892500.0,0.0,41905300.0,8054700.0,0.0,2680800.0,1641900.0,656800.0,656800.0,0.0
2020-04-14,0,0,0,0,0,0,0,0,0,0,3006000.0,0.0,52874300.0,0.0,3212600.0,2622800.0,0.0,750900.0,750900.0,0.0
2020-04-15,0,0,0,0,0,0,0,0,0,0,2777000.0,0.0,40940800.0,9411300.0,2991100.0,3100000.0,3584900.0,914700.0,914700.0,1100.0
2020-04-16,0,0,0,0,0,0,0,0,0,0,2189000.0,0.0,50479600.0,11276000.0,5469800.0,4020600.0,4626500.0,988600.0,988600.0,0.0
2020-04-17,0,0,0,0,0,0,0,0,0,0,2946000.0,3182300.0,0.0,10942300.0,0.0,0.0,0.0,0.0,0.0,300.0
2020-04-20,0,0,0,0,0,0,0,0,0,0,1358500.0,0.0,0.0,0.0,0.0,2946100.0,1881800.0,775300.0,775300.0,0.0
2020-04-21,0,0,0,0,0,0,0,0,0,0,6653500.0,0.0,0.0,0.0,0.0,0.0,0.0,935600.0,935600.0,400.0
2020-04-22,0,0,0,0,0,0,0,0,0,0,2739500.0,0.0,34620200.0,6687200.0,0.0,2558900.0,1938000.0,844400.0,844400.0,0.0
2020-04-23,0,0,0,0,0,0,0,0,0,0,0.0,0.0,0.0,0.0,0.0,0.0,0.0,547400.0,547400.0,0.0
2020-04-24,0,0,0,0,0,0,0,0,0,0,2137500.0,0.0,34277600.0,7314300.0,1635600.0,1753800.0,1137800.0,0.0,0.0,0.0
2020-04-27,0,0,0,0,0,0,0,0,0,0,0.0,0.0,0.0,0.0,0.0,0.0,0.0,0.0,0.0,6500.0
2020-04-28,0,0,0,0,0,0,0,0,0,0,0.0,0.0,0.0,0.0,0.0,0.0,0.0,849600.0,849600.0,0.0
2020-04-29,0,0,0,0,0,0,0,0,0,0,1915500.0,1193600.0,51286600.0,8572600.0,0.0,3911900.0,1492400.0,0.0,0.0,900.0
2020-04-30,0,0,0,0,0,0,0,0,0,0,0.0,1108900.0,0.0,0.0,0.0,3506700.0,1210200.0,0.0,0.0,0.0
2020-05-01,0,0,0,0,0,0,0,0,0,0,1362000.0,0.0,0.0,5103500.0,0.0,2378600.0,1428300.0,840800.0,840800.0,900.0
2020-05-04,0,0,0,0,0,0,0,0,0,0,728500.0,0.0,30372900.0,7778100.0,2443600.0,3284800.0,1527500.0,0.0,0.0,0.0
2020-05-05,0,0,0,0,0,0,0,0,0,0,0.0,957200.0,36839200.0,15461900.0,0.0,5060600.0,0.0,0.0,0.0,1300.0
2020-05-06,0,0,0,0,0,0,0,0,0,0,2646000.0,913600.0,32139300.0,0.0,0.0,6082900.0,1363300.0,0.0,0.0,0.0
2020-05-07,0,0,0,0,0,0,0,0,0,0,2396500.0,900400.0,0.0,8649600.0,2647100.0,3579000.0,0.0,859000.0,859000.0,0.0
2020-05-08,0,0,0,0,0,0,0,0,0,0,4781000.0,957700.0,0.0,0.0,5009800.0,3597800.0,1314400.0,0.0,0.0,0.0
2020-05-11,0,0,0,0,0,0,0,0,0,0,0.0,916800.0,30892700.0,9285200.0,4730200.0,2899100.0,2106600.0,0.0,0.0,0.0
2020-05-12,0,0,0,0,0,0,0,0,0,0,0.0,0.0,0.0,0.0,0.0,0.0,0.0,575400.0,575400.0,0.0
2020-05-13,0,0,0,0,0,0,0,0,0,0,0.0,0.0,0.0,8807700.0,0.0,0.0,0.0,652200.0,652200.0,6300.0
2020-05-14,0,0,0,0,0,0,0,0,0,0,1094500.0,1329900.0,41873900.0,0.0,6025700.0,2802800.0,1165200.0,0.0,0.0,200.0
2020-05-15,0,0,0,0,0,0,0,0,0,0,651500.0,1241200.0,46610400.0,5854200.0,4853900.0,3268100.0,1749300.0,0.0,0.0,56500.0
2020-05-18,0,0,0,0,0,0,0,0,0,0,1196000.0,1976900.0,0.0,0.0,3471400.0,4335100.0,2692500.0,0.0,0.0,200.0
2020-05-19,0,0,0,0,0,0,0,0,0,0,1861500.0,0.0,0.0,5509700.0,0.0,2517900.0,3227000.0,907800.0,907800.0,100.0
2020-05-20,0,0,0,0,0,0,0,0,0,0,1361500.0,0.0,31261300.0,6231100.0,0.0,3530400.0,7065900.0,968600.0,968600.0,200.0
2020-05-21,0,0,0,0,0,0,0,0,0,0,1104500.0,0.0,0.0,0.0,5413200.0,0.0,0.0,0.0,0.0,0.0
2020-05-22,0,0,0,0,0,0,0,0,0,0,1383000.0,848700.0,20826900.0,5161400.0,0.0,2287300.0,2233800.0,0.0,0.0,700.0
2020-05-25,0,0,0,0,0,0,0,0,0,0,0.0,0.0,0.0,0.0,0.0,0.0,0.0,0.0,0.0,0.0
2020-05-26,0,0,0,0,0,0,0,0,0,0,0.0,0.0,0.0,0.0,0.0,0.0,0.0,1021600.0,1021600.0,0.0
2020-05-27,0,0,0,0,0,0,0,0,0,0,0.0,1524600.0,39517100.0,13218600.0,0.0,4978700.0,5231800.0,0.0,0.0,700.0
2020-05-28,0,0,0,0,0,0,0,0,0,0,1967500.0,1606900.0,33810200.0,7899000.0,0.0,4752400.0,2346900.0,870600.0,870600.0,0.0
2020-05-29,0,0,0,0,0,0,0,0,0,0,2201500.0,1176800.0,42130400.0,11408600.0,6098200.0,4571900.0,4593600.0,0.0,0.0,14500.0
2020-06-01,0,0,0,0,0,0,0,0,0,0,1049500.0,1423600.0,22622400.0,4930700.0,2425100.0,0.0,1932800.0,0.0,0.0,0.0
2020-06-02,0,0,0,0,0,0,0,0,0,0,0.0,1420600.0,30794600.0,6518500.0,4676700.0,0.0,0.0,762900.0,762900.0,0.0
2020-06-03,0,0,0,0,0,0,0,0,0,0,2258000.0,2723200.0,27311000.0,0.0,3266900.0,0.0,0.0,1226700.0,1226700.0,1300.0
2020-06-04,0,0,0,0,0,0,0,0,0,0,1999000.0,0.0,0.0,7630000.0,0.0,0.0,0.0,0.0,0.0,0.0
2020-06-05,0,0,0,0,0,0,0,0,0,0,0.0,1274500.0,39893600.0,8620300.0,0.0,3355300.0,3318000.0,918400.0,918400.0,0.0
2020-06-08,0,0,0,0,0,0,0,0,0,0,2117500.0,1392600.0,33211600.0,6941400.0,4141200.0,3500100.0,2954800.0,0.0,0.0,700.0
2020-06-09,0,0,0,0,0,0,0,0,0,0,1021500.0,986700.0,29783900.0,6245200.0,2140700.0,2346000.0,0.0,0.0,0.0,0.0
2020-06-10,0,0,0,0,0,0,0,0,0,0,0.0,1863300.0,43872300.0,9106800.0,3594600.0,3956100.0,2133100.0,0.0,0.0,2700.0
2020-06-11,0,0,0,0,0,0,0,0,0,0,0.0,0.0,0.0,0.0,0.0,0.0,0.0,804100.0,804100.0,0.0
2020-06-12,0,0,0,0,0,0,0,0,0,0,1176500.0,0.0,0.0,5921400.0,0.0,0.0,0.0,0.0,0.0,100.0
2020-06-15,0,0,0,0,0,0,0,0,0,0,0.0,1640100.0,32770200.0,6492100.0,2104300.0,3882600.0,2109400.0,0.0,0.0,1300.0
2020-06-16,0,0,0,0,0,0,0,0,0,0,1328000.0,0.0,42556700.0,0.0,0.0,0.0,0.0,1098400.0,1098400.0,100.0
2020-06-17,0,0,0,0,0,0,0,0,0,0,1711000.0,1375300.0,0.0,12763600.0,2587600.0,2173300.0,2006800.0,0.0,0.0,600.0
2020-06-18,0,0,0,0,0,0,0,0,0,0,1470500.0,0.0,23061600.0,7270400.0,2364300.0,2461100.0,1108100.0,0.0,0.0,500.0
2020-06-19,0,0,0,0,0,0,0,0,0,0,0.0,0.0,0.0,10388500.0,0.0,0.0,2896700.0,0.0,0.0,0.0
2020-06-22,0,0,0,0,0,0,0,0,0,0,0.0,605900.0,32818900.0,0.0,7277000.0,0.0,0.0,0.0,0.0,0.0
2020-06-23,0,0,0,0,0,0,0,0,0,0,0.0,0.0,0.0,0.0,0.0,0.0,1283000.0,815100.0,815100.0,0.0
2020-06-24,0,0,0,0,0,0,0,0,0,0,0.0,0.0,0.0,0.0,0.0,2208900.0,0.0,0.0,0.0,0.0
2020-06-25,0,0,0,0,0,0,0,0,0,0,0.0,682300.0,27803900.0,0.0,3143200.0,0.0,0.0,802100.0,802100.0,0.0
2020-06-26,0,0,0,0,0,0,0,0,0,0,0.0,0.0,0.0,0.0,0.0,4905100.0,3061300.0,754300.0,754300.0,0.0
2020-06-29,0,0,0,0,0,0,0,0,0,0,0.0,0.0,26701600.0,0.0,2531000.0,0.0,0.0,0.0,0.0,500.0
2020-06-30,0,0,0,0,0,0,0,0,0,0,541500.0,736700.0,34310300.0,6535400.0,0.0,0.0,3111500.0,0.0,0.0,0.0
2020-07-01,0,0,0,0,0,0,0,0,0,0,682000.0,1549700.0,32061200.0,10187400.0,2695800.0,3026300.0,2025400.0,626100.0,626100.0,300.0
2020-07-02,0,0,0,0,0,0,0,0,0,0,724000.0,0.0,29315800.0,0.0,0.0,0.0,0.0,0.0,0.0,200.0
2020-07-03,0,0,0,0,0,0,0,0,0,0,0.0,0.0,0.0,0.0,0.0,0.0,0.0,0.0,0.0,0.0
2020-07-06,0,0,0,0,0,0,0,0,0,0,1831000.0,1397500.0,31897600.0,6041800.0,3609900.0,0.0,2321300.0,687700.0,687700.0,0.0
2020-07-07,0,0,0,0,0,0,0,0,0,0,1149000.0,0.0,0.0,0.0,0.0,1895900.0,1680200.0,651100.0,651100.0,0.0
2020-07-08,0,0,0,0,0,0,0,0,0,0,982000.0,533500.0,33600000.0,4863400.0,4969700.0,0.0,0.0,0.0,0.0,100.0
2020-07-09,0,0,0,0,0,0,0,0,0,0,840000.0,949600.0,0.0,6005700.0,0.0,2312100.0,1151600.0,0.0,0.0,0.0
2020-07-10,0,0,0,0,0,0,0,0,0,0,0.0,1666900.0,26177600.0,6071100.0,0.0,2119800.0,1313400.0,1107000.0,1107000.0,0.0
2020-07-13,0,0,0,0,0,0,0,0,0,0,957000.0,0.0,0.0,0.0,0.0,0.0,0.0,826600.0,826600.0,0.0
2020-07-14,0,0,0,0,0,0,0,0,0,0,1590000.0,757600.0,37591800.0,4875300.0,0.0,2409300.0,1284200.0,0.0,0.0,0.0
2020-07-15,0,0,0,0,0,0,0,0,0,0,0.0,1985200.0,0.0,6994300.0,0.0,2050900.0,1499600.0,0.0,0.0,0.0
2020-07-16,0,0,0,0,0,0,0,0,0,0,0.0,935400.0,0.0,4950100.0,3036400.0,1301700.0,0.0,0.0,0.0,0.0
2020-07-17,0,0,0,0,0,0,0,0,0,0,650000.0,1091700.0,0.0,0.0,1377600.0,2040700.0,0.0,566300.0,566300.0,300.0
2020-07-20,0,0,0,0,0,0,0,0,0,0,0.0,875000.0,36884800.0,5556400.0,2399800.0,1589700.0,846500.0,401900.0,401900.0,0.0
2020-07-21,0,0,0,0,0,0,0,0,0,0,0.0,0.0,0.0,0.0,0.0,0.0,0.0,555200.0,555200.0,12100.0
2020-07-22,0,0,0,0,0,0,0,0,0,0,0.0,417000.0,49605700.0,2937400.0,0.0,0.0,717800.0,0.0,0.0,0.0
2020-07-23,0,0,0,0,0,0,0,0,0,0,0.0,0.0,0.0,0.0,0.0,0.0,0.0,0.0,0.0,0.0
2020-07-24,0,0,0,0,0,0,0,0,0,0,0.0,535500.0,39827000.0,4371200.0,3280200.0,1354100.0,1641900.0,0.0,0.0,0.0
2020-07-27,0,0,0,0,0,0,0,0,0,0,511000.0,911200.0,30160900.0,3777200.0,3742600.0,1819200.0,1144100.0,586300.0,586300.0,0.0
2020-07-28,0,0,0,0,0,0,0,0,0,0,822500.0,0.0,0.0,0.0,0.0,0.0,0.0,0.0,0.0,1100.0
2020-07-29,0,0,0,0,0,0,0,0,0,0,1025500.0,530400.0,19632600.0,0.0,2203200.0,1532800.0,686600.0,0.0,0.0,0.0
2020-07-30,0,0,0,0,0,0,0,0,0,0,648500.0,624300.0,25079600.0,4034000.0,2107300.0,2717700.0,954800.0,0.0,0.0,0.0
2020-07-31,0,0,0,0,0,0,0,0,0,0,0.0,1112900.0,51044000.0,0.0,0.0,0.0,1762400.0,0.0,0.0,0.0
2020-08-03,0,0,0,0,0,0,0,0,0,0,1445000.0,2149700.0,78983000.0,8589600.0,3002200.0,2233800.0,3615000.0,682900.0,682900.0,500.0
2020-08-04,0,0,0,0,0,0,0,0,0,0,3666000.0,0.0,0.0,0.0,2025400.0,2680300.0,4555500.0,868400.0,868400.0,0.0
2020-08-05,0,0,0,0,0,0,0,0,0,0,3224000.0,0.0,0.0,0.0,2474000.0,1936900.0,1646300.0,701800.0,701800.0,1000.0
2020-08-06,0,0,0,0,0,0,0,0,0,0,0.0,0.0,32656800.0,0.0,1856000.0,1671700.0,1153200.0,0.0,0.0,1900.0
2020-08-07,0,0,0,0,0,0,0,0,0,0,0.0,0.0,0.0,0.0,0.0,0.0,0.0,1706200.0,1706200.0,700.0
2020-08-10,0,0,0,0,0,0,0,0,0,0,0.0,0.0,0.0,0.0,9031000.0,0.0,0.0,0.0,0.0,300.0
2020-08-11,0,0,0,0,0,0,0,0,0,0,0.0,0.0,0.0,0.0,0.0,0.0,0.0,2057700.0,2057700.0,0.0
2020-08-12,0,0,0,0,0,0,0,0,0,0,2239000.0,1233600.0,28013100.0,6198600.0,3888700.0,1714200.0,1233900.0,989500.0,989500.0,700.0
2020-08-13,0,0,0,0,0,0,0,0,0,0,751000.0,1794200.0,0.0,0.0,0.0,1191200.0,784900.0,920300.0,920300.0,0.0
2020-08-14,0,0,0,0,0,0,0,0,0,0,527000.0,0.0,17958900.0,0.0,0.0,0.0,1085800.0,0.0,0.0,200.0
2020-08-17,0,0,0,0,0,0,0,0,0,0,1221500.0,0.0,20184800.0,7091800.0,2043800.0,1481000.0,0.0,426600.0,426600.0,300.0
2020-08-18,0,0,0,0,0,0,0,0,0,0,2450000.0,0.0,21336200.0,4479300.0,0.0,1413900.0,828000.0,626500.0,626500.0,600.0
2020-08-19,0,0,0,0,0,0,0,0,0,0,2066500.0,0.0,0.0,0.0,0.0,0.0,0.0,0.0,0.0,0.0
2020-08-20,0,0,0,0,0,0,0,0,0,0,3953000.0,1224700.0,26981500.0,5604100.0,1669900.0,1268100.0,1148900.0,0.0,0.0,200.0
2020-08-21,0,0,0,0,0,0,0,0,0,0,4592500.0,1337000.0,0.0,0.0,3435700.0,0.0,0.0,654700.0,654700.0,0.0
2020-08-24,0,0,0,0,0,0,0,0,0,0,3133500.0,0.0,0.0,0.0,0.0,1842600.0,0.0,455900.0,455900.0,100.0
2020-08-25,0,0,0,0,0,0,0,0,0,0,8956500.0,636000.0,23043700.0,3659000.0,3723500.0,857600.0,700600.0,0.0,0.0,0.0
2020-08-26,0,0,0,0,0,0,0,0,0,0,5314000.0,900600.0,39600800.0,7046400.0,0.0,1580500.0,892900.0,399400.0,399400.0,600.0
2020-08-27,0,0,0,0,0,0,0,0,0,0,0.0,0.0,57602200.0,0.0,0.0,0.0,0.0,0.0,0.0,0.0
2020-08-28,0,0,0,0,0,0,0,0,0,0,3985000.0,1010000.0,26292900.0,0.0,2338000.0,0.0,0.0,0.0,0.0,0.0
2020-08-31,0,0,0,0,0,0,0,0,0,0,3435000.0,0.0,0.0,6269500.0,0.0,0.0,918500.0,0.0,0.0,0.0
2020-09-01,0,0,0,0,0,0,0,0,0,0,12259500.0,1061900.0,25725500.0,0.0,2989300.0,0.0,913400.0,509600.0,509600.0,0.0
2020-09-02,0,0,0,0,0,0,0,0,0,0,0.0,0.0,34080800.0,0.0,0.0,2337400.0,0.0,0.0,0.0,0.0
2020-09-03,0,0,0,0,0,0,0,0,0,0,0.0,0.0,0.0,0.0,0.0,0.0,0.0,0.0,0.0,100.0
2020-09-04,0,0,0,0,0,0,0,0,0,0,3591000.0,0.0,0.0,0.0,3439900.0,0.0,0.0,0.0,0.0,0.0
2020-09-07,0,0,0,0,0,0,0,0,0,0,0.0,0.0,0.0,0.0,0.0,0.0,0.0,0.0,0.0,0.0
2020-09-08,0,0,0,0,0,0,0,0,0,0,3520000.0,0.0,0.0,0.0,3321900.0,0.0,0.0,360900.0,360900.0,200.0
2020-09-09,0,0,0,0,0,0,0,0,0,0,5317000.0,888300.0,45679000.0,6984700.0,2705000.0,2776500.0,0.0,565700.0,565700.0,0.0
2020-09-10,0,0,0,0,0,0,0,0,0,0,0.0,0.0,0.0,0.0,0.0,0.0,0.0,0.0,0.0,0.0
2020-09-11,0,0,0,0,0,0,0,0,0,0,998000.0,0.0,0.0,0.0,0.0,0.0,0.0,1513900.0,1513900.0,800.0
2020-09-14,0,0,0,0,0,0,0,0,0,0,2050000.0,676200.0,30375800.0,6221600.0,1971700.0,0.0,1022000.0,756200.0,756200.0,200.0
2020-09-15,0,0,0,0,0,0,0,0,0,0,2821500.0,0.0,21823900.0,6500800.0,0.0,2129600.0,1071100.0,0.0,0.0,200.0
2020-09-16,0,0,0,0,0,0,0,0,0,0,2782000.0,0.0,0.0,0.0,0.0,0.0,0.0,434100.0,434100.0,0.0
2020-09-17,0,0,0,0,0,0,0,0,0,0,0.0,1461500.0,34011300.0,7609500.0,0.0,2151800.0,1310400.0,477000.0,477000.0,0.0
2020-09-18,0,0,0,0,0,0,0,0,0,0,0.0,0.0,0.0,9409400.0,4876800.0,3402700.0,0.0,928900.0,928900.0,0.0
2020-09-21,0,0,0,0,0,0,0,0,0,0,967000.0,762500.0,39839700.0,6293200.0,3414600.0,2017400.0,1508700.0,0.0,0.0,0.0
2020-09-22,0,0,0,0,0,0,0,0,0,0,0.0,0.0,33517100.0,6237500.0,0.0,2081900.0,0.0,0.0,0.0,0.0
2020-09-23,0,0,0,0,0,0,0,0,0,0,0.0,0.0,0.0,0.0,0.0,0.0,0.0,1010900.0,1010900.0,0.0
2020-09-24,0,0,0,0,0,0,0,0,0,0,1941500.0,834700.0,31202500.0,5023700.0,2265300.0,2001500.0,768000.0,703000.0,703000.0,0.0
2020-09-25,0,0,0,0,0,0,0,0,0,0,956000.0,617700.0,29437300.0,4954300.0,4351300.0,1915600.0,829800.0,1275400.0,1275400.0,100.0
2020-09-28,0,0,0,0,0,0,0,0,0,0,0.0,0.0,0.0,3838100.0,0.0,0.0,979100.0,1224300.0,1224300.0,0.0
2020-09-29,0,0,0,0,0,0,0,0,0,0,827500.0,449100.0,0.0,0.0,0.0,0.0,0.0,1262500.0,1262500.0,0.0
2020-09-30,0,0,0,0,0,0,0,0,0,0,1295000.0,706700.0,33829100.0,7455000.0,3734900.0,2164200.0,929100.0,0.0,0.0,0.0
2020-10-01,0,0,0,0,0,0,0,0,0,0,639000.0,0.0,0.0,6035900.0,2571200.0,1868800.0,0.0,0.0,0.0,300.0
2020-10-02,0,0,0,0,0,0,0,0,0,0,2979000.0,1392000.0,0.0,0.0,0.0,0.0,0.0,1041300.0,1041300.0,100.0
2020-10-05,0,0,0,0,0,0,0,0,0,0,2339000.0,846200.0,21331600.0,5561100.0,1506200.0,1270100.0,853600.0,634000.0,634000.0,0.0
2020-10-06,0,0,0,0,0,0,0,0,0,0,0.0,0.0,0.0,0.0,3583300.0,0.0,0.0,741900.0,741900.0,0.0
2020-10-07,0,0,0,0,0,0,0,0,0,0,1206000.0,0.0,25681100.0,0.0,3890000.0,0.0,0.0,714200.0,714200.0,0.0
2020-10-08,0,0,0,0,0,0,0,0,0,0,1112000.0,744900.0,19925800.0,0.0,2187000.0,0.0,0.0,586500.0,586500.0,0.0
2020-10-09,0,0,0,0,0,0,0,0,0,0,823000.0,755700.0,26458000.0,5433200.0,2119400.0,1991700.0,611900.0,0.0,0.0,0.0
2020-10-12,0,0,0,0,0,0,0,0,0,0,0.0,770900.0,40461400.0,6724600.0,3195100.0,2106600.0,1784900.0,387400.0,387400.0,0.0
2020-10-13,0,0,0,0,0,0,0,0,0,0,0.0,0.0,28950800.0,5270300.0,3768600.0,2117300.0,1368900.0,360200.0,360200.0,0.0
2020-10-14,0,0,0,0,0,0,0,0,0,0,1849000.0,0.0,0.0,0.0,0.0,0.0,0.0,0.0,0.0,1000.0
2020-10-15,0,0,0,0,0,0,0,0,0,0,1449000.0,0.0,22733100.0,0.0,1904000.0,1900100.0,881400.0,460500.0,460500.0,0.0
2020-10-16,0,0,0,0,0,0,0,0,0,0,1217000.0,0.0,0.0,0.0,3445100.0,0.0,0.0,0.0,0.0,0.0
2020-10-19,0,0,0,0,0,0,0,0,0,0,0.0,0.0,0.0,0.0,0.0,0.0,0.0,0.0,0.0,0.0
2020-10-20,0,0,0,0,0,0,0,0,0,0,0.0,1215800.0,0.0,0.0,2161300.0,0.0,0.0,0.0,0.0,300.0
2020-10-21,0,0,0,0,0,0,0,0,0,0,0.0,0.0,22724900.0,5305100.0,2154500.0,0.0,0.0,0.0,0.0,0.0
2020-10-22,0,0,0,0,0,0,0,0,0,0,0.0,0.0,22351500.0,0.0,0.0,0.0,0.0,0.0,0.0,500.0
2020-10-23,0,0,0,0,0,0,0,0,0,0,0.0,751200.0,18879600.0,4303400.0,1593600.0,0.0,646200.0,0.0,0.0,200.0
2020-10-26,0,0,0,0,0,0,0,0,0,0,0.0,842500.0,0.0,0.0,2334000.0,2166000.0,830000.0,445500.0,445500.0,0.0
2020-10-27,0,0,0,0,0,0,0,0,0,0,0.0,1467300.0,36700300.0,0.0,3302900.0,0.0,722200.0,522400.0,522400.0,0.0
2020-10-28,0,0,0,0,0,0,0,0,0,0,1809500.0,0.0,0.0,0.0,0.0,0.0,0.0,630800.0,630800.0,100.0
2020-10-29,0,0,0,0,0,0,0,0,0,0,1216500.0,0.0,31432600.0,0.0,3842000.0,0.0,0.0,0.0,0.0,1000.0
2020-10-30,0,0,0,0,0,0,0,0,0,0,0.0,1479300.0,0.0,0.0,0.0,0.0,0.0,0.0,0.0,0.0
2020-11-02,0,0,0,0,0,0,0,0,0,0,1256500.0,2077700.0,0.0,0.0,0.0,0.0,0.0,835000.0,835000.0,0.0
2020-11-03,0,0,0,0,0,0,0,0,0,0,1376500.0,1059400.0,27512000.0,0.0,0.0,0.0,1163300.0,0.0,0.0,900.0
2020-11-04,0,0,0,0,0,0,0,0,0,0,0.0,1039200.0,42311800.0,8632900.0,5321500.0,2594800.0,1301300.0,0.0,0.0,0.0
2020-11-05,0,0,0,0,0,0,0,0,0,0,5318500.0,1823300.0,36080100.0,0.0,0.0,0.0,2131000.0,790200.0,790200.0,200.0
2020-11-06,0,0,0,0,0,0,0,0,0,0,4480000.0,1394500.0,25231900.0,0.0,0.0,0.0,3182000.0,912800.0,912800.0,0.0
2020-11-09,0,0,0,0,0,0,0,0,0,0,0.0,0.0,0.0,13716600.0,0.0,7097200.0,0.0,1373300.0,1373300.0,1100.0
2020-11-10,0,0,0,0,0,0,0,0,0,0,0.0,0.0,0.0,8658900.0,0.0,4454200.0,0.0,0.0,0.0,0.0
2020-11-11,0,0,0,0,0,0,0,0,0,0,5100000.0,1347400.0,29440800.0,5511000.0,6282600.0,0.0,1534700.0,1464000.0,1464000.0,0.0
2020-11-12,0,0,0,0,0,0,0,0,0,0,3596000.0,0.0,0.0,0.0,0.0,0.0,0.0,1017400.0,1017400.0,400.0
2020-11-13,0,0,0,0,0,0,0,0,0,0,0.0,1094900.0,18621100.0,5594600.0,0.0,2110900.0,1148600.0,0.0,0.0,0.0
2020-11-16,0,0,0,0,0,0,0,0,0,0,0.0,0.0,24953300.0,7877000.0,0.0,0.0,1047000.0,1002500.0,1002500.0,0.0
2020-11-17,0,0,0,0,0,0,0,0,0,0,7738000.0,0.0,0.0,0.0,0.0,0.0,0.0,0.0,0.0,0.0
2020-11-18,0,0,0,0,0,0,0,0,0,0,3869500.0,0.0,0.0,0.0,0.0,0.0,0.0,772200.0,772200.0,0.0
2020-11-19,0,0,0,0,0,0,0,0,0,0,7824000.0,0.0,24792700.0,8750700.0,3049200.0,2839200.0,1688300.0,1034600.0,1034600.0,0.0
2020-11-20,0,0,0,0,0,0,0,0,0,0,0.0,623900.0,0.0,6730400.0,2661300.0,3186800.0,1455300.0,602000.0,602000.0,100.0
2020-11-23,0,0,0,0,0,0,0,0,0,0,0.0,0.0,0.0,0.0,0.0,0.0,1138100.0,0.0,0.0,100.0
2020-11-24,0,0,0,0,0,0,0,0,0,0,0.0,0.0,33979700.0,0.0,1635200.0,0.0,0.0,1002200.0,1002200.0,100.0
2020-11-25,0,0,0,0,0,0,0,0,0,0,4233500.0,0.0,0.0,4822900.0,1783000.0,2850900.0,889200.0,1084400.0,1084400.0,100.0
2020-11-26,0,0,0,0,0,0,0,0,0,0,0.0,0.0,0.0,0.0,0.0,0.0,0.0,791300.0,791300.0,0.0
2020-11-27,0,0,0,0,0,0,0,0,0,0,1880000.0,666900.0,14512200.0,3382500.0,0.0,2489400.0,615100.0,981100.0,981100.0,0.0
2020-11-30,0,0,0,0,0,0,0,0,0,0,0.0,0.0,0.0,15235000.0,0.0,10085200.0,2667000.0,0.0,0.0,100.0
2020-12-01,0,0,0,0,0,0,0,0,0,0,2735000.0,1240200.0,30904500.0,0.0,0.0,0.0,0.0,0.0,0.0,0.0
2020-12-02,0,0,0,0,0,0,0,0,0,0,0.0,1188400.0,23724500.0,0.0,2092100.0,1905700.0,703000.0,0.0,0.0,0.0
2020-12-03,0,0,0,0,0,0,0,0,0,0,1832000.0,754600.0,0.0,0.0,1487600.0,0.0,0.0,0.0,0.0,0.0
2020-12-04,0,0,0,0,0,0,0,0,0,0,1725500.0,570100.0,24666000.0,6414300.0,0.0,2743100.0,1126600.0,800200.0,800200.0,100.0
2020-12-07,0,0,0,0,0,0,0,0,0,0,0.0,901400.0,0.0,6730800.0,2157100.0,2671200.0,1335600.0,0.0,0.0,0.0
2020-12-08,0,0,0,0,0,0,0,0,0,0,1681500.0,0.0,23284100.0,6740000.0,1515200.0,2835800.0,0.0,0.0,0.0,0.0
2020-12-09,0,0,0,0,0,0,0,0,0,0,0.0,0.0,0.0,0.0,0.0,4229400.0,1305800.0,818700.0,818700.0,200.0
2020-12-10,0,0,0,0,0,0,0,0,0,0,2194000.0,725400.0,0.0,8503300.0,2123000.0,2903800.0,1507500.0,735600.0,735600.0,0.0
2020-12-11,0,0,0,0,0,0,0,0,0,0,1705000.0,907600.0,30979400.0,5864200.0,0.0,3195700.0,1585800.0,935000.0,935000.0,0.0
2020-12-14,0,0,0,0,0,0,0,0,0,0,0.0,0.0,28798400.0,7506200.0,0.0,0.0,3660300.0,499400.0,499400.0,0.0
2020-12-15,0,0,0,0,0,0,0,0,0,0,0.0,824300.0,0.0,5925700.0,1873100.0,3394600.0,0.0,0.0,0.0,0.0
2020-12-16,0,0,0,0,0,0,0,0,0,0,1450500.0,856800.0,35023300.0,6969300.0,1218200.0,4029200.0,2920400.0,452300.0,452300.0,400.0
2020-12-17,0,0,0,0,0,0,0,0,0,0,3686000.0,0.0,0.0,0.0,889300.0,0.0,2128400.0,579000.0,579000.0,1300.0
2020-12-18,0,0,0,0,0,0,0,0,0,0,0.0,0.0,63354900.0,14075300.0,1231500.0,4874000.0,5178300.0,0.0,0.0,0.0
2020-12-21,0,0,0,0,0,0,0,0,0,0,2289500.0,939000.0,37181900.0,0.0,1617600.0,0.0,0.0,0.0,0.0,0.0
2020-12-22,0,0,0,0,0,0,0,0,0,0,0.0,0.0,22612200.0,0.0,0.0,0.0,0.0,0.0,0.0,0.0
2020-12-23,0,0,0,0,0,0,0,0,0,0,1051500.0,0.0,0.0,4728300.0,1090600.0,1762400.0,0.0,679800.0,679800.0,0.0
2020-12-24,0,0,0,0,0,0,0,0,0,0,824500.0,0.0,10550600.0,2269100.0,0.0,688100.0,211600.0,0.0,0.0,0.0
2020-12-25,0,0,0,0,0,0,0,0,0,0,0.0,0.0,0.0,0.0,0.0,0.0,0.0,0.0,0.0,0.0
2020-12-28,0,0,0,0,0,0,0,0,0,0,3834500.0,0.0,17933500.0,0.0,0.0,0.0,0.0,0.0,0.0,0.0
2020-12-29,0,0,0,0,0,0,0,0,0,0,0.0,988800.0,0.0,0.0,4625500.0,0.0,879200.0,1052900.0,1052900.0,300.0
2020-12-30,0,0,0,0,0,0,0,0,0,0,1695500.0,616200.0,0.0,0.0,0.0,1684500.0,1524100.0,0.0,0.0,0.0
2020-12-31,0,0,0,0,0,0,0,0,0,0,0.0,670700.0,20942100.0,4311000.0,0.0,1689900.0,643900.0,0.0,0.0,0.0
2021-01-04,0,0,0,0,0,0,0,0,0,0,0.0,0.0,0.0,0.0,0.0,0.0,0.0,0.0,0.0,600.0
2021-01-05,0,0,0,0,0,0,0,0,0,0,1448500.0,1118700.0,23823000.0,4544100.0,2203000.0,2117800.0,878000.0,0.0,0.0,0.0
2021-01-06,0,0,0,0,0,0,0,0,0,0,0.0,981500.0,35930700.0,0.0,0.0,0.0,0.0,0.0,0.0,200.0
2021-01-07,0,0,0,0,0,0,0,0,0,0,0.0,760700.0,27694500.0,6142200.0,0.0,2936200.0,944200.0,0.0,0.0,100.0
2021-01-08,0,0,0,0,0,0,0,0,0,0,2465000.0,1400400.0,22956200.0,4408800.0,10876700.0,1902700.0,899700.0,1303900.0,1303900.0,0.0
2021-01-11,0,0,0,0,0,0,0,0,0,0,1436000.0,0.0,0.0,0.0,3591200.0,0.0,0.0,0.0,0.0,100.0
2021-01-12,0,0,0,0,0,0,0,0,0,0,0.0,0.0,0.0,0.0,2343600.0,0.0,0.0,1085600.0,1085600.0,0.0
2021-01-13,0,0,0,0,0,0,0,0,0,0,0.0,794400.0,20087100.0,4223700.0,3355200.0,0.0,1281400.0,1062400.0,1062400.0,0.0
2021-01-14,0,0,0,0,0,0,0,0,0,0,0.0,0.0,0.0,0.0,0.0,3511800.0,0.0,0.0,0.0,0.0
2021-01-15,0,0,0,0,0,0,0,0,0,0,0.0,1027600.0,0.0,8461400.0,0.0,0.0,1688200.0,0.0,0.0,0.0
2021-01-18,0,0,0,0,0,0,0,0,0,0,0.0,0.0,0.0,0.0,0.0,0.0,0.0,427500.0,427500.0,0.0
2021-01-19,0,0,0,0,0,0,0,0,0,0,0.0,701000.0,30480900.0,5711900.0,4152400.0,2693300.0,1678900.0,443000.0,443000.0,0.0
2021-01-20,0,0,0,0,0,0,0,0,0,0,0.0,874000.0,37777300.0,5703200.0,4412100.0,3288400.0,1727100.0,0.0,0.0,0.0
2021-01-21,0,0,0,0,0,0,0,0,0,0,3631000.0,0.0,30709400.0,0.0,4149800.0,3014000.0,0.0,0.0,0.0,300.0
2021-01-22,0,0,0,0,0,0,0,0,0,0,2515500.0,0.0,0.0,0.0,3690300.0,3369200.0,0.0,636700.0,636700.0,200.0
2021-01-25,0,0,0,0,0,0,0,0,0,0,0.0,0.0,33152100.0,0.0,0.0,0.0,0.0,676600.0,676600.0,100.0
2021-01-26,0,0,0,0,0,0,0,0,0,0,3349000.0,0.0,49169600.0,0.0,0.0,0.0,0.0,0.0,0.0,300.0
2021-01-27,0,0,0,0,0,0,0,0,0,0,0.0,0.0,0.0,0.0,0.0,4368100.0,0.0,1095400.0,1095400.0,0.0
2021-01-28,0,0,0,0,0,0,0,0,0,0,1819000.0,1439700.0,49111200.0,6685600.0,2099200.0,0.0,1160800.0,3819900.0,3819900.0,100.0
2021-01-29,0,0,0,0,0,0,0,0,0,0,0.0,0.0,0.0,7025500.0,1535700.0,3665400.0,1000100.0,0.0,0.0,0.0
2021-02-01,0,0,0,0,0,0,0,0,0,0,3334500.0,1499500.0,33314200.0,0.0,2423200.0,4123100.0,0.0,769800.0,769800.0,0.0
2021-02-02,0,0,0,0,0,0,0,0,0,0,8896000.0,0.0,0.0,5782600.0,2597900.0,4185700.0,1122300.0,0.0,0.0,0.0
2021-02-03,0,0,0,0,0,0,0,0,0,0,0.0,3026200.0,27158100.0,0.0,0.0,0.0,0.0,0.0,0.0,0.0
2021-02-04,0,0,0,0,0,0,0,0,0,0,0.0,0.0,0.0,0.0,1979100.0,0.0,0.0,0.0,0.0,0.0
2021-02-05,0,0,0,0,0,0,0,0,0,0,1539000.0,0.0,0.0,17047800.0,1532200.0,3899200.0,1586600.0,770900.0,770900.0,300.0
2021-02-08,0,0,0,0,0,0,0,0,0,0,0.0,1067800.0,0.0,0.0,0.0,2538400.0,3019400.0,1207500.0,1207500.0,500.0
2021-02-09,0,0,0,0,0,0,0,0,0,0,0.0,1014300.0,23565000.0,5298900.0,2401100.0,4517900.0,0.0,1996000.0,1996000.0,500.0
2021-02-10,0,0,0,0,0,0,0,0,0,0,0.0,0.0,0.0,0.0,0.0,0.0,0.0,1220800.0,1220800.0,400.0
2021-02-11,0,0,0,0,0,0,0,0,0,0,1646500.0,0.0,0.0,0.0,2041300.0,2592700.0,0.0,0.0,0.0,1000.0
2021-02-12,0,0,0,0,0,0,0,0,0,0,2005500.0,557700.0,16561100.0,3023500.0,960300.0,1666100.0,1264800.0,0.0,0.0,100.0
2021-02-15,0,0,0,0,0,0,0,0,0,0,0.0,0.0,0.0,0.0,0.0,0.0,0.0,1105200.0,1105200.0,0.0
2021-02-16,0,0,0,0,0,0,0,0,0,0,3033500.0,0.0,0.0,0.0,0.0,0.0,0.0,834700.0,834700.0,0.0
2021-02-17,0,0,0,0,0,0,0,0,0,0,0.0,0.0,21653500.0,0.0,0.0,1653900.0,1066800.0,0.0,0.0,0.0
2021-02-18,0,0,0,0,0,0,0,0,0,0,0.0,567200.0,16925600.0,5087800.0,3150500.0,2087500.0,808700.0,0.0,0.0,0.0
2021-02-19,0,0,0,0,0,0,0,0,0,0,1637500.0,1988600.0,0.0,0.0,1660500.0,0.0,0.0,0.0,0.0,0.0
2021-02-22,0,0,0,0,0,0,0,0,0,0,0.0,0.0,0.0,0.0,0.0,0.0,0.0,0.0,0.0,0.0
2021-02-23,0,0,0,0,0,0,0,0,0,0,2596500.0,1067300.0,30228700.0,6238400.0,3564400.0,2787000.0,2062400.0,0.0,0.0,0.0
2021-02-24,0,0,0,0,0,0,0,0,0,0,1986500.0,1474800.0,26339700.0,5925500.0,3019000.0,0.0,1218900.0,0.0,0.0,0.0
2021-02-25,0,0,0,0,0,0,0,0,0,0,0.0,0.0,0.0,0.0,0.0,0.0,0.0,0.0,0.0,0.0
2021-02-26,0,0,0,0,0,0,0,0,0,0,3032000.0,0.0,37819200.0,0.0,4191300.0,0.0,0.0,0.0,0.0,0.0
2021-03-01,0,0,0,0,0,0,0,0,0,0,2973000.0,935600.0,25324000.0,5135600.0,3492300.0,2867400.0,671300.0,683000.0,683000.0,0.0
2021-03-02,0,0,0,0,0,0,0,0,0,0,0.0,0.0,0.0,0.0,0.0,0.0,0.0,0.0,0.0,0.0
2021-03-03,0,0,0,0,0,0,0,0,0,0,0.0,0.0,0.0,0.0,0.0,0.0,0.0,753400.0,753400.0,0.0
2021-03-04,0,0,0,0,0,0,0,0,0,0,0.0,0.0,0.0,0.0,0.0,0.0,0.0,0.0,0.0,0.0
2021-03-05,0,0,0,0,0,0,0,0,0,0,0.0,1053900.0,41872800.0,8348600.0,5211100.0,2511000.0,0.0,0.0,0.0,700.0
2021-03-08,0,0,0,0,0,0,0,0,0,0,0.0,0.0,0.0,0.0,0.0,0.0,0.0,0.0,0.0,0.0
2021-03-09,0,0,0,0,0,0,0,0,0,0,3492000.0,1288500.0,33080500.0,6325600.0,2716000.0,2936700.0,0.0,0.0,0.0,100.0
2021-03-10,0,0,0,0,0,0,0,0,0,0,0.0,0.0,0.0,0.0,0.0,0.0,0.0,0.0,0.0,0.0
2021-03-11,0,0,0,0,0,0,0,0,0,0,3866000.0,915500.0,29907600.0,0.0,1911800.0,0.0,1021800.0,658500.0,658500.0,100.0
2021-03-12,0,0,0,0,0,0,0,0,0,0,0.0,870100.0,22653700.0,3280400.0,0.0,1327700.0,642100.0,1198200.0,1198200.0,0.0
2021-03-15,0,0,0,0,0,0,0,0,0,0,2547000.0,875500.0,0.0,0.0,2639700.0,2181700.0,0.0,547800.0,547800.0,0.0
2021-03-16,0,0,0,0,0,0,0,0,0,0,0.0,823900.0,28092200.0,0.0,2062600.0,0.0,1716600.0,636200.0,636200.0,200.0
2021-03-17,0,0,0,0,0,0,0,0,0,0,2190500.0,719100.0,29562100.0,4644900.0,2070800.0,0.0,0.0,714500.0,714500.0,100.0
2021-03-18,0,0,0,0,0,0,0,0,0,0,0.0,0.0,0.0,0.0,0.0,0.0,0.0,732500.0,732500.0,22800.0
2021-03-19,0,0,0,0,0,0,0,0,0,0,2694500.0,0.0,0.0,13501000.0,2503300.0,0.0,1804500.0,1151700.0,1151700.0,0.0
2021-03-22,0,0,0,0,0,0,0,0,0,0,0.0,2082100.0,30127000.0,4290000.0,1853100.0,3153600.0,1127400.0,0.0,0.0,0.0
2021-03-23,0,0,0,0,0,0,0,0,0,0,0.0,0.0,31638400.0,0.0,0.0,2521200.0,1622700.0,0.0,0.0,0.0
2021-03-24,0,0,0,0,0,0,0,0,0,0,0.0,0.0,0.0,0.0,0.0,0.0,0.0,0.0,0.0,0.0
2021-03-25,0,0,0,0,0,0,0,0,0,0,0.0,971200.0,0.0,5016700.0,4747400.0,1956600.0,806000.0,546500.0,546500.0,0.0
2021-03-26,0,0,0,0,0,0,0,0,0,0,0.0,823900.0,25479900.0,6161300.0,5923100.0,2229500.0,1066000.0,778900.0,778900.0,0.0
2021-03-29,0,0,0,0,0,0,0,0,0,0,0.0,817100.0,0.0,8660800.0,0.0,2366900.0,1208600.0,857700.0,857700.0,0.0
2021-03-30,0,0,0,0,0,0,0,0,0,0,1211500.0,695100.0,0.0,6147900.0,1715900.0,1952000.0,2053200.0,0.0,0.0,200.0
2021-03-31,0,0,0,0,0,0,0,0,0,0,2850000.0,597500.0,43623500.0,6522700.0,3769500.0,2305100.0,0.0,741100.0,741100.0,0.0
2021-04-01,0,0,0,0,0,0,0,0,0,0,1889000.0,450100.0,30338000.0,6085500.0,0.0,1724900.0,1211600.0,0.0,0.0,0.0
2021-04-02,0,0,0,0,0,0,0,0,0,0,0.0,0.0,0.0,0.0,0.0,0.0,0.0,0.0,0.0,0.0
2021-04-05,0,0,0,0,0,0,0,0,0,0,0.0,832400.0,36910600.0,5251600.0,0.0,2424400.0,1330100.0,0.0,0.0,0.0
2021-04-06,0,0,0,0,0,0,0,0,0,0,0.0,0.0,22931900.0,0.0,2199800.0,2129800.0,1198100.0,0.0,0.0,100.0
2021-04-07,0,0,0,0,0,0,0,0,0,0,2093000.0,489300.0,22719800.0,4469200.0,20574000.0,1910200.0,0.0,0.0,0.0,0.0
2021-04-08,0,0,0,0,0,0,0,0,0,0,755500.0,562500.0,23625200.0,0.0,3793400.0,0.0,0.0,558700.0,558700.0,0.0
2021-04-09,0,0,0,0,0,0,0,0,0,0,887000.0,823200.0,24326800.0,0.0,0.0,0.0,850900.0,1186900.0,1186900.0,0.0
2021-04-12,0,0,0,0,0,0,0,0,0,0,889000.0,0.0,27148700.0,4719900.0,2808600.0,2058100.0,861700.0,0.0,0.0,0.0
2021-04-13,0,0,0,0,0,0,0,0,0,0,1827000.0,0.0,23837500.0,5710800.0,2735300.0,0.0,0.0,642800.0,642800.0,0.0
2021-04-14,0,0,0,0,0,0,0,0,0,0,0.0,0.0,0.0,0.0,0.0,0.0,0.0,0.0,0.0,0.0
2021-04-15,0,0,0,0,0,0,0,0,0,0,1183500.0,508200.0,25627500.0,7324200.0,2162900.0,1654300.0,857000.0,353200.0,353200.0,3600.0
2021-04-16,0,0,0,0,0,0,0,0,0,0,1496500.0,0.0,24878600.0,0.0,0.0,0.0,0.0,0.0,0.0,0.0
2021-04-19,0,0,0,0,0,0,0,0,0,0,0.0,0.0,0.0,0.0,0.0,0.0,0.0,0.0,0.0,400.0
2021-04-20,0,0,0,0,0,0,0,0,0,0,0.0,0.0,19722900.0,0.0,0.0,2058300.0,0.0,0.0,0.0,0.0
2021-04-21,0,0,0,0,0,0,0,0,0,0,989500.0,559200.0,24030400.0,0.0,1760800.0,1576700.0,0.0,0.0,0.0,100.0
2021-04-22,0,0,0,0,0,0,0,0,0,0,0.0,0.0,0.0,5742700.0,1693100.0,2498500.0,993200.0,689200.0,689200.0,0.0
2021-04-23,0,0,0,0,0,0,0,0,0,0,0.0,428500.0,21462600.0,0.0,1640000.0,2365300.0,0.0,418900.0,418900.0,0.0
2021-04-26,0,0,0,0,0,0,0,0,0,0,6111500.0,0.0,0.0,5055900.0,0.0,1749200.0,759600.0,639200.0,639200.0,0.0
2021-04-27,0,0,0,0,0,0,0,0,0,0,1470500.0,1559200.0,31014200.0,0.0,1812400.0,0.0,0.0,522300.0,522300.0,0.0
2021-04-28,0,0,0,0,0,0,0,0,0,0,942000.0,0.0,0.0,0.0,1132900.0,0.0,0.0,598900.0,598900.0,200.0
2021-04-29,0,0,0,0,0,0,0,0,0,0,0.0,0.0,0.0,4796400.0,0.0,1698700.0,940200.0,0.0,0.0,0.0
2021-04-30,0,0,0,0,0,0,0,0,0,0,1515500.0,0.0,30945100.0,0.0,0.0,0.0,672100.0,592300.0,592300.0,0.0
2021-05-03,0,0,0,0,0,0,0,0,0,0,2146000.0,0.0,0.0,0.0,0.0,0.0,0.0,0.0,0.0,0.0
2021-05-04,0,0,0,0,0,0,0,0,0,0,0.0,0.0,0.0,0.0,0.0,0.0,0.0,0.0,0.0,0.0
2021-05-05,0,0,0,0,0,0,0,0,0,0,2181500.0,0.0,0.0,0.0,1176900.0,0.0,0.0,0.0,0.0,0.0
2021-05-06,0,0,0,0,0,0,0,0,0,0,3800000.0,0.0,26491100.0,8024600.0,1513700.0,1957300.0,1081200.0,942400.0,942400.0,0.0
2021-05-07,0,0,0,0,0,0,0,0,0,0,0.0,878500.0,27032900.0,6511800.0,1472500.0,0.0,0.0,0.0,0.0,0.0
2021-05-10,0,0,0,0,0,0,0,0,0,0,0.0,0.0,0.0,0.0,0.0,0.0,0.0,823800.0,823800.0,100.0
2021-05-11,0,0,0,0,0,0,0,0,0,0,5854500.0,976200.0,33641600.0,6530700.0,1961900.0,4112800.0,1176300.0,0.0,0.0,0.0
2021-05-12,0,0,0,0,0,0,0,0,0,0,0.0,0.0,0.0,0.0,0.0,0.0,0.0,1118500.0,1118500.0,0.0
2021-05-13,0,0,0,0,0,0,0,0,0,0,0.0,1241900.0,29624300.0,0.0,0.0,2322900.0,0.0,0.0,0.0,100.0
2021-05-14,0,0,0,0,0,0,0,0,0,0,1918500.0,696700.0,23901100.0,0.0,2847200.0,0.0,1524000.0,981600.0,981600.0,100.0
2021-05-17,0,0,0,0,0,0,0,0,0,0,1740500.0,0.0,0.0,0.0,1981000.0,2031200.0,1289700.0,0.0,0.0,300.0
2021-05-18,0,0,0,0,0,0,0,0,0,0,0.0,912400.0,0.0,6263000.0,1869400.0,2079500.0,0.0,635700.0,635700.0,0.0
2021-05-19,0,0,0,0,0,0,0,0,0,0,1964500.0,534400.0,25739800.0,4213900.0,2873000.0,1720100.0,4221600.0,641800.0,641800.0,0.0
2021-05-20,0,0,0,0,0,0,0,0,0,0,5358000.0,518700.0,21800700.0,6742700.0,0.0,2459000.0,2254100.0,550300.0,550300.0,0.0
2021-05-21,0,0,0,0,0,0,0,0,0,0,0.0,0.0,0.0,0.0,0.0,0.0,0.0,588500.0,588500.0,0.0
2021-05-24,0,0,0,0,0,0,0,0,0,0,2657500.0,0.0,21411500.0,3196800.0,1787700.0,1649800.0,1015100.0,461900.0,461900.0,200.0
2021-05-25,0,0,0,0,0,0,0,0,0,0,0.0,0.0,0.0,0.0,0.0,1897000.0,0.0,0.0,0.0,0.0
2021-05-26,0,0,0,0,0,0,0,0,0,0,0.0,0.0,17771600.0,3880500.0,0.0,0.0,816900.0,653900.0,653900.0,100.0
2021-05-27,0,0,0,0,0,0,0,0,0,0,1328500.0,549700.0,0.0,7742700.0,0.0,0.0,1549500.0,0.0,0.0,0.0
2021-05-28,0,0,0,0,0,0,0,0,0,0,1156000.0,0.0,0.0,0.0,1333600.0,0.0,0.0,843200.0,843200.0,0.0
2021-05-31,0,0,0,0,0,0,0,0,0,0,0.0,0.0,0.0,0.0,0.0,0.0,0.0,0.0,0.0,0.0
2021-06-01,0,0,0,0,0,0,0,0,0,0,1492000.0,0.0,0.0,0.0,2345000.0,2610300.0,0.0,0.0,0.0,0.0
2021-06-02,0,0,0,0,0,0,0,0,0,0,0.0,0.0,0.0,0.0,1219900.0,0.0,0.0,695700.0,695700.0,0.0
2021-06-03,0,0,0,0,0,0,0,0,0,0,1557000.0,754700.0,25307700.0,3805100.0,0.0,1574900.0,0.0,483400.0,483400.0,20000.0
2021-06-04,0,0,0,0,0,0,0,0,0,0,784000.0,891400.0,25281100.0,2990800.0,1123300.0,1919500.0,1321400.0,0.0,0.0,0.0
2021-06-07,0,0,0,0,0,0,0,0,0,0,863000.0,1206100.0,23079200.0,2655200.0,1610300.0,1510500.0,1396800.0,0.0,0.0,0.0
2021-06-08,0,0,0,0,0,0,0,0,0,0,0.0,0.0,0.0,0.0,0.0,0.0,0.0,0.0,0.0,0.0
2021-06-09,0,0,0,0,0,0,0,0,0,0,912000.0,0.0,0.0,0.0,0.0,0.0,0.0,565500.0,565500.0,0.0
2021-06-10,0,0,0,0,0,0,0,0,0,0,1015500.0,569400.0,24563600.0,4409500.0,4021400.0,0.0,913900.0,645200.0,645200.0,1500.0
2021-06-11,0,0,0,0,0,0,0,0,0,0,1077500.0,601900.0,0.0,4112700.0,2809300.0,1247500.0,660800.0,1397900.0,1397900.0,200.0
2021-06-14,0,0,0,0,0,0,0,0,0,0,0.0,486400.0,19150500.0,5834400.0,0.0,1746200.0,853700.0,0.0,0.0,0.0
2021-06-15,0,0,0,0,0,0,0,0,0,0,0.0,0.0,0.0,0.0,0.0,0.0,0.0,710500.0,710500.0,200.0
2021-06-16,0,0,0,0,0,0,0,0,0,0,0.0,0.0,0.0,0.0,0.0,0.0,0.0,0.0,0.0,0.0
2021-06-17,0,0,0,0,0,0,0,0,0,0,2400500.0,734200.0,27565500.0,0.0,1884400.0,0.0,0.0,0.0,0.0,0.0
2021-06-18,0,0,0,0,0,0,0,0,0,0,0.0,0.0,0.0,0.0,1264400.0,0.0,1601600.0,0.0,0.0,0.0
2021-06-21,0,0,0,0,0,0,0,0,0,0,1276500.0,1062800.0,26696100.0,0.0,0.0,2628500.0,1290100.0,0.0,0.0,0.0
2021-06-22,0,0,0,0,0,0,0,0,0,0,1059500.0,717300.0,24694100.0,0.0,0.0,0.0,1083100.0,667900.0,667900.0,0.0
2021-06-23,0,0,0,0,0,0,0,0,0,0,1012500.0,0.0,0.0,0.0,0.0,0.0,0.0,0.0,0.0,300.0
2021-06-24,0,0,0,0,0,0,0,0,0,0,1052500.0,379000.0,21446900.0,5640100.0,2212600.0,1642900.0,1375100.0,436900.0,436900.0,0.0
2021-06-25,0,0,0,0,0,0,0,0,0,0,1278000.0,523500.0,0.0,0.0,2398300.0,0.0,0.0,0.0,0.0,3100.0
2021-06-28,0,0,0,0,0,0,0,0,0,0,1796000.0,821600.0,19590000.0,7032900.0,1242900.0,2626800.0,1525400.0,0.0,0.0,0.0
2021-06-29,0,0,0,0,0,0,0,0,0,0,2051000.0,597700.0,19937800.0,4160300.0,1567300.0,1575400.0,818100.0,533000.0,533000.0,0.0
2021-06-30,0,0,0,0,0,0,0,0,0,0,1016500.0,0.0,21656500.0,0.0,0.0,0.0,0.0,0.0,0.0,400.0
2021-07-01,0,0,0,0,0,0,0,0,0,0,813000.0,499900.0,16725300.0,0.0,0.0,0.0,1052500.0,0.0,0.0,0.0
2021-07-02,0,0,0,0,0,0,0,0,0,0,704500.0,735400.0,26458000.0,0.0,1847200.0,1224500.0,0.0,365800.0,365800.0,100.0
2021-07-05,0,0,0,0,0,0,0,0,0,0,0.0,0.0,0.0,0.0,0.0,0.0,0.0,343400.0,343400.0,0.0
2021-07-06,0,0,0,0,0,0,0,0,0,0,1499500.0,0.0,0.0,0.0,0.0,0.0,0.0,0.0,0.0,0.0
2021-07-07,0,0,0,0,0,0,0,0,0,0,0.0,0.0,23260000.0,0.0,0.0,0.0,0.0,840100.0,840100.0,0.0
2021-07-08,0,0,0,0,0,0,0,0,0,0,0.0,689600.0,24618600.0,0.0,4282700.0,0.0,0.0,0.0,0.0,700.0
2021-07-09,0,0,0,0,0,0,0,0,0,0,1133500.0,874700.0,23916700.0,3587000.0,2889200.0,1738700.0,0.0,0.0,0.0,300.0
2021-07-12,0,0,0,0,0,0,0,0,0,0,794500.0,1015500.0,0.0,0.0,0.0,0.0,0.0,801700.0,801700.0,0.0
2021-07-13,0,0,0,0,0,0,0,0,0,0,0.0,609300.0,26120100.0,0.0,0.0,0.0,1207200.0,410900.0,410900.0,0.0
2021-07-14,0,0,0,0,0,0,0,0,0,0,0.0,0.0,23113700.0,0.0,0.0,0.0,0.0,0.0,0.0,0.0
2021-07-15,0,0,0,0,0,0,0,0,0,0,0.0,0.0,0.0,0.0,3174400.0,0.0,0.0,0.0,0.0,0.0
2021-07-16,0,0,0,0,0,0,0,0,0,0,1159000.0,0.0,0.0,7411300.0,0.0,3419700.0,899800.0,782000.0,782000.0,1100.0
2021-07-19,0,0,0,0,0,0,0,0,0,0,0.0,0.0,0.0,0.0,0.0,0.0,0.0,640300.0,640300.0,0.0
2021-07-20,0,0,0,0,0,0,0,0,0,0,0.0,554000.0,26259700.0,6627000.0,2671900.0,0.0,0.0,0.0,0.0,0.0
2021-07-21,0,0,0,0,0,0,0,0,0,0,4378000.0,419500.0,24364300.0,0.0,2493300.0,0.0,903400.0,0.0,0.0,0.0
2021-07-22,0,0,0,0,0,0,0,0,0,0,0.0,0.0,23384100.0,5159500.0,0.0,1913200.0,606200.0,0.0,0.0,200.0
2021-07-23,0,0,0,0,0,0,0,0,0,0,3072000.0,485700.0,22768100.0,3889300.0,0.0,2269500.0,1253500.0,0.0,0.0,0.0
2021-07-26,0,0,0,0,0,0,0,0,0,0,0.0,0.0,23176100.0,0.0,0.0,1307000.0,0.0,0.0,0.0,0.0
2021-07-27,0,0,0,0,0,0,0,0,0,0,0.0,0.0,0.0,0.0,19200300.0,0.0,0.0,0.0,0.0,0.0
2021-07-28,0,0,0,0,0,0,0,0,0,0,2081000.0,860900.0,0.0,0.0,26054200.0,1353700.0,1153300.0,575800.0,575800.0,800.0
2021-07-29,0,0,0,0,0,0,0,0,0,0,0.0,817300.0,18168300.0,0.0,0.0,0.0,0.0,0.0,0.0,600.0
2021-07-30,0,0,0,0,0,0,0,0,0,0,0.0,628200.0,0.0,7055900.0,5876700.0,2825200.0,1940700.0,0.0,0.0,0.0
2021-08-02,0,0,0,0,0,0,0,0,0,0,0.0,0.0,0.0,0.0,4191500.0,0.0,0.0,667200.0,667200.0,0.0
2021-08-03,0,0,0,0,0,0,0,0,0,0,1878500.0,0.0,17879000.0,0.0,0.0,0.0,0.0,0.0,0.0,0.0
2021-08-04,0,0,0,0,0,0,0,0,0,0,0.0,0.0,16191300.0,0.0,6281400.0,2897400.0,0.0,573200.0,573200.0,500.0
2021-08-05,0,0,0,0,0,0,0,0,0,0,0.0,0.0,13900200.0,0.0,7475700.0,0.0,0.0,555500.0,555500.0,0.0
2021-08-06,0,0,0,0,0,0,0,0,0,0,0.0,0.0,16589300.0,9692100.0,0.0,0.0,2279900.0,1504500.0,1504500.0,400.0
2021-08-09,0,0,0,0,0,0,0,0,0,0,0.0,0.0,0.0,0.0,7100100.0,0.0,1145400.0,0.0,0.0,0.0
2021-08-10,0,0,0,0,0,0,0,0,0,0,0.0,0.0,0.0,7770000.0,0.0,2210400.0,0.0,0.0,0.0,0.0
2021-08-11,0,0,0,0,0,0,0,0,0,0,3232500.0,452100.0,0.0,13387700.0,0.0,1841300.0,0.0,0.0,0.0,0.0
2021-08-12,0,0,0,0,0,0,0,0,0,0,3637000.0,590400.0,14561300.0,7353200.0,0.0,1871500.0,1116400.0,0.0,0.0,0.0
2021-08-13,0,0,0,0,0,0,0,0,0,0,2257500.0,492400.0,18249000.0,0.0,0.0,0.0,0.0,0.0,0.0,1800.0
2021-08-16,0,0,0,0,0,0,0,0,0,0,4859500.0,788800.0,22507600.0,4320800.0,0.0,1789100.0,816000.0,0.0,0.0,0.0
2021-08-17,0,0,0,0,0,0,0,0,0,0,0.0,0.0,20075300.0,4780300.0,0.0,2340800.0,1311500.0,0.0,0.0,300.0
2021-08-18,0,0,0,0,0,0,0,0,0,0,0.0,0.0,0.0,0.0,9629400.0,0.0,0.0,404400.0,404400.0,0.0
2021-08-19,0,0,0,0,0,0,0,0,0,0,1858500.0,541400.0,29850500.0,5449700.0,11676200.0,1888400.0,767300.0,356100.0,356100.0,0.0
2021-08-20,0,0,0,0,0,0,0,0,0,0,2760500.0,419000.0,40817600.0,0.0,10451800.0,0.0,0.0,0.0,0.0,300.0
2021-08-23,0,0,0,0,0,0,0,0,0,0,2567500.0,542700.0,22830200.0,0.0,7368200.0,1895900.0,782400.0,416000.0,416000.0,300.0
2021-08-24,0,0,0,0,0,0,0,0,0,0,0.0,633600.0,0.0,0.0,13260200.0,0.0,0.0,510700.0,510700.0,200.0
2021-08-25,0,0,0,0,0,0,0,0,0,0,0.0,408300.0,0.0,0.0,0.0,0.0,0.0,465400.0,465400.0,0.0
2021-08-26,0,0,0,0,0,0,0,0,0,0,0.0,0.0,0.0,0.0,0.0,0.0,0.0,596800.0,596800.0,700.0
2021-08-27,0,0,0,0,0,0,0,0,0,0,0.0,403100.0,22605700.0,6000600.0,0.0,1144000.0,1524900.0,432200.0,432200.0,100.0
2021-08-30,0,0,0,0,0,0,0,0,0,0,1338500.0,0.0,16348100.0,0.0,7845800.0,2011300.0,0.0,0.0,0.0,200.0
2021-08-31,0,0,0,0,0,0,0,0,0,0,2424000.0,381300.0,0.0,9477900.0,7179900.0,3467600.0,1257500.0,671200.0,671200.0,500.0
2021-09-01,0,0,0,0,0,0,0,0,0,0,3558000.0,550000.0,0.0,0.0,8588600.0,1570100.0,0.0,769100.0,769100.0,0.0
2021-09-02,0,0,0,0,0,0,0,0,0,0,0.0,351400.0,0.0,0.0,0.0,0.0,0.0,534300.0,534300.0,26000.0
2021-09-03,0,0,0,0,0,0,0,0,0,0,0.0,695900.0,14747900.0,0.0,4724700.0,1192700.0,0.0,600300.0,600300.0,100.0
2021-09-06,0,0,0,0,0,0,0,0,0,0,0.0,0.0,0.0,0.0,0.0,0.0,0.0,1050300.0,1050300.0,0.0
2021-09-07,0,0,0,0,0,0,0,0,0,0,0.0,509900.0,0.0,0.0,6740800.0,0.0,0.0,0.0,0.0,0.0
2021-09-08,0,0,0,0,0,0,0,0,0,0,0.0,0.0,15046800.0,8227700.0,0.0,0.0,605600.0,0.0,0.0,100.0
2021-09-09,0,0,0,0,0,0,0,0,0,0,3337500.0,655100.0,0.0,0.0,9448200.0,0.0,0.0,0.0,0.0,0.0
2021-09-10,0,0,0,0,0,0,0,0,0,0,0.0,0.0,0.0,12098700.0,0.0,3664200.0,2895700.0,1060300.0,1060300.0,400.0
2021-09-13,0,0,0,0,0,0,0,0,0,0,0.0,0.0,0.0,0.0,0.0,0.0,0.0,526900.0,526900.0,200.0
2021-09-14,0,0,0,0,0,0,0,0,0,0,0.0,0.0,21853400.0,0.0,0.0,1318400.0,0.0,888000.0,888000.0,0.0
2021-09-15,0,0,0,0,0,0,0,0,0,0,0.0,438600.0,28356300.0,5526500.0,0.0,0.0,1080600.0,905800.0,905800.0,0.0
2021-09-16,0,0,0,0,0,0,0,0,0,0,0.0,407500.0,19550800.0,9376800.0,4761700.0,0.0,0.0,990500.0,990500.0,0.0
2021-09-17,0,0,0,0,0,0,0,0,0,0,0.0,0.0,0.0,11009600.0,0.0,0.0,2074700.0,1088300.0,1088300.0,0.0
2021-09-20,0,0,0,0,0,0,0,0,0,0,2430500.0,0.0,0.0,0.0,0.0,0.0,0.0,0.0,0.0,400.0
2021-09-21,0,0,0,0,0,0,0,0,0,0,0.0,0.0,0.0,0.0,4352300.0,0.0,0.0,0.0,0.0,0.0
2021-09-22,0,0,0,0,0,0,0,0,0,0,0.0,832400.0,26626300.0,0.0,5906700.0,4214400.0,0.0,0.0,0.0,400.0
2021-09-23,0,0,0,0,0,0,0,0,0,0,0.0,554200.0,18604600.0,9311100.0,3951000.0,2571600.0,0.0,0.0,0.0,200.0
2021-09-24,0,0,0,0,0,0,0,0,0,0,0.0,863700.0,14999000.0,7429800.0,0.0,2327300.0,1023800.0,1231000.0,1231000.0,0.0
2021-09-27,0,0,0,0,0,0,0,0,0,0,0.0,0.0,0.0,6517900.0,4828000.0,3326800.0,1048800.0,0.0,0.0,300.0
2021-09-28,0,0,0,0,0,0,0,0,0,0,0.0,0.0,0.0,11157200.0,0.0,4349800.0,1867100.0,0.0,0.0,400.0
2021-09-29,0,0,0,0,0,0,0,0,0,0,0.0,0.0,0.0,9700800.0,0.0,5656600.0,1429000.0,0.0,0.0,0.0
2021-09-30,0,0,0,0,0,0,0,0,0,0,0.0,0.0,0.0,0.0,3972200.0,5017700.0,1480300.0,0.0,0.0,700.0
2021-10-01,0,0,0,0,0,0,0,0,0,0,7871000.0,0.0,30086300.0,5861300.0,0.0,3196200.0,1868500.0,0.0,0.0,900.0
2021-10-04,0,0,0,0,0,0,0,0,0,0,0.0,0.0,0.0,0.0,0.0,0.0,0.0,0.0,0.0,500.0
2021-10-05,0,0,0,0,0,0,0,0,0,0,0.0,0.0,24993000.0,0.0,3800200.0,2682100.0,1712200.0,0.0,0.0,0.0
2021-10-06,0,0,0,0,0,0,0,0,0,0,1658000.0,709800.0,28002600.0,9477600.0,5788200.0,0.0,2267600.0,0.0,0.0,200.0
2021-10-07,0,0,0,0,0,0,0,0,0,0,1368000.0,0.0,0.0,8527400.0,10784800.0,3627300.0,1926900.0,693800.0,693800.0,0.0
2021-10-08,0,0,0,0,0,0,0,0,0,0,0.0,0.0,0.0,0.0,6036500.0,2163000.0,1824800.0,0.0,0.0,600.0
2021-10-11,0,0,0,0,0,0,0,0,0,0,0.0,767600.0,19298600.0,0.0,0.0,0.0,0.0,503800.0,503800.0,0.0
2021-10-12,0,0,0,0,0,0,0,0,0,0,0.0,0.0,0.0,0.0,0.0,0.0,652300.0,0.0,0.0,0.0
2021-10-13,0,0,0,0,0,0,0,0,0,0,0.0,374700.0,23416300.0,0.0,5323500.0,0.0,0.0,417900.0,417900.0,200.0
2021-10-14,0,0,0,0,0,0,0,0,0,0,0.0,549300.0,27262900.0,5471100.0,0.0,0.0,0.0,641900.0,641900.0,0.0
2021-10-15,0,0,0,0,0,0,0,0,0,0,0.0,576400.0,25384800.0,0.0,5533800.0,0.0,1057500.0,611700.0,611700.0,500.0
2021-10-18,0,0,0,0,0,0,0,0,0,0,3041500.0,659100.0,22729300.0,5417400.0,5918400.0,1755900.0,607400.0,666800.0,666800.0,0.0
2021-10-19,0,0,0,0,0,0,0,0,0,0,0.0,551800.0,0.0,4238500.0,5777100.0,1614400.0,0.0,651900.0,651900.0,0.0
2021-10-20,0,0,0,0,0,0,0,0,0,0,0.0,0.0,0.0,4537900.0,0.0,1763200.0,628700.0,642000.0,642000.0,0.0
2021-10-21,0,0,0,0,0,0,0,0,0,0,0.0,666300.0,16918100.0,5904300.0,4823900.0,1853600.0,1949000.0,0.0,0.0,89100.0
2021-10-22,0,0,0,0,0,0,0,0,0,0,1028000.0,465600.0,0.0,6960400.0,0.0,2495300.0,0.0,523700.0,523700.0,0.0
2021-10-25,0,0,0,0,0,0,0,0,0,0,1279000.0,719100.0,0.0,8345800.0,4175200.0,2155600.0,806300.0,572400.0,572400.0,12700.0
2021-10-26,0,0,0,0,0,0,0,0,0,0,0.0,0.0,0.0,0.0,0.0,0.0,0.0,609500.0,609500.0,0.0
2021-10-27,0,0,0,0,0,0,0,0,0,0,0.0,0.0,52588700.0,0.0,4820500.0,0.0,0.0,0.0,0.0,0.0
2021-10-28,0,0,0,0,0,0,0,0,0,0,1286000.0,864500.0,26297900.0,10842600.0,4767500.0,0.0,1628700.0,1921600.0,1921600.0,0.0
2021-10-29,0,0,0,0,0,0,0,0,0,0,1143000.0,0.0,34766000.0,0.0,0.0,0.0,0.0,517500.0,517500.0,0.0
2021-11-01,0,0,0,0,0,0,0,0,0,0,0.0,1130100.0,0.0,7569400.0,10868400.0,2068300.0,1518500.0,870800.0,870800.0,22400.0
2021-11-02,0,0,0,0,0,0,0,0,0,0,2390500.0,803100.0,26487100.0,0.0,0.0,0.0,1083200.0,889000.0,889000.0,100.0
2021-11-03,0,0,0,0,0,0,0,0,0,0,0.0,452500.0,21500100.0,43753600.0,5596600.0,3562300.0,1692000.0,0.0,0.0,800.0
2021-11-04,0,0,0,0,0,0,0,0,0,0,0.0,0.0,23992200.0,16203300.0,0.0,0.0,2941600.0,1201800.0,1201800.0,0.0
2021-11-05,0,0,0,0,0,0,0,0,0,0,2408000.0,0.0,0.0,0.0,0.0,0.0,0.0,708400.0,708400.0,0.0
2021-11-08,0,0,0,0,0,0,0,0,0,0,1513500.0,0.0,0.0,0.0,8536000.0,0.0,0.0,0.0,0.0,1400.0
2021-11-09,0,0,0,0,0,0,0,0,0,0,0.0,0.0,0.0,8812000.0,9963000.0,1796000.0,0.0,0.0,0.0,0.0
2021-11-10,0,0,0,0,0,0,0,0,0,0,0.0,0.0,0.0,0.0,8969500.0,0.0,0.0,0.0,0.0,700.0
2021-11-11,0,0,0,0,0,0,0,0,0,0,1463500.0,0.0,16849800.0,13235000.0,8530100.0,3109500.0,775000.0,0.0,0.0,2000.0
2021-11-12,0,0,0,0,0,0,0,0,0,0,1275000.0,458700.0,23831000.0,13923000.0,5979200.0,1613600.0,1116000.0,729000.0,729000.0,0.0
2021-11-15,0,0,0,0,0,0,0,0,0,0,0.0,0.0,0.0,11628200.0,0.0,0.0,0.0,641900.0,641900.0,1200.0
2021-11-16,0,0,0,0,0,0,0,0,0,0,3669000.0,513400.0,20886800.0,0.0,7662800.0,0.0,1441600.0,579000.0,579000.0,0.0
2021-11-17,0,0,0,0,0,0,0,0,0,0,1602000.0,0.0,19053400.0,0.0,0.0,0.0,0.0,0.0,0.0,600.0
2021-11-18,0,0,0,0,0,0,0,0,0,0,2088000.0,0.0,22463500.0,0.0,0.0,4120500.0,0.0,0.0,0.0,0.0
2021-11-19,0,0,0,0,0,0,0,0,0,0,0.0,0.0,21963400.0,0.0,3183300.0,0.0,0.0,483000.0,483000.0,100.0
2021-11-22,0,0,0,0,0,0,0,0,0,0,0.0,0.0,0.0,16583200.0,0.0,0.0,0.0,396600.0,396600.0,100.0
2021-11-23,0,0,0,0,0,0,0,0,0,0,0.0,0.0,30427600.0,0.0,0.0,3765400.0,1172300.0,0.0,0.0,800.0
2021-11-24,0,0,0,0,0,0,0,0,0,0,1315000.0,444000.0,21661300.0,0.0,6254900.0,0.0,0.0,0.0,0.0,0.0
2021-11-25,0,0,0,0,0,0,0,0,0,0,0.0,0.0,0.0,0.0,0.0,0.0,0.0,0.0,0.0,0.0
2021-11-26,0,0,0,0,0,0,0,0,0,0,0.0,0.0,0.0,0.0,4134200.0,0.0,1308100.0,0.0,0.0,100.0
2021-11-29,0,0,0,0,0,0,0,0,0,0,0.0,0.0,28563500.0,0.0,0.0,0.0,1153400.0,662700.0,662700.0,4200.0
2021-11-30,0,0,0,0,0,0,0,0,0,0,0.0,0.0,0.0,0.0,0.0,0.0,0.0,0.0,0.0,0.0
2021-12-01,0,0,0,0,0,0,0,0,0,0,0.0,0.0,0.0,0.0,0.0,0.0,0.0,652300.0,652300.0,200.0
2021-12-02,0,0,0,0,0,0,0,0,0,0,1998500.0,636700.0,0.0,8606200.0,0.0,3107200.0,1215200.0,948700.0,948700.0,0.0
2021-12-03,0,0,0,0,0,0,0,0,0,0,0.0,0.0,0.0,13287400.0,0.0,3371300.0,1344300.0,0.0,0.0,100.0
2021-12-06,0,0,0,0,0,0,0,0,0,0,3014500.0,411600.0,30032600.0,9409000.0,4911100.0,0.0,0.0,444600.0,444600.0,300.0
2021-12-07,0,0,0,0,0,0,0,0,0,0,0.0,623400.0,31021900.0,0.0,3396300.0,0.0,1067900.0,0.0,0.0,0.0
2021-12-08,0,0,0,0,0,0,0,0,0,0,1786000.0,351300.0,0.0,9785500.0,3354300.0,0.0,1082500.0,0.0,0.0,45500.0
2021-12-09,0,0,0,0,0,0,0,0,0,0,0.0,0.0,0.0,8520500.0,0.0,0.0,0.0,0.0,0.0,1100.0
2021-12-10,0,0,0,0,0,0,0,0,0,0,1507500.0,401800.0,38095700.0,0.0,3684800.0,0.0,0.0,0.0,0.0,200.0
2021-12-13,0,0,0,0,0,0,0,0,0,0,0.0,0.0,0.0,8652700.0,0.0,2292900.0,768800.0,560000.0,560000.0,0.0
2021-12-14,0,0,0,0,0,0,0,0,0,0,0.0,348500.0,0.0,8793500.0,3086200.0,2107800.0,676600.0,0.0,0.0,0.0
2021-12-15,0,0,0,0,0,0,0,0,0,0,1791000.0,819300.0,35381100.0,7387100.0,0.0,2471000.0,839800.0,0.0,0.0,200.0
2021-12-16,0,0,0,0,0,0,0,0,0,0,0.0,0.0,0.0,10074500.0,0.0,1694800.0,1106400.0,0.0,0.0,0.0
2021-12-17,0,0,0,0,0,0,0,0,0,0,0.0,0.0,47750300.0,16960300.0,0.0,0.0,2879300.0,0.0,0.0,900.0
2021-12-20,0,0,0,0,0,0,0,0,0,0,2500500.0,512600.0,0.0,8369400.0,0.0,2592100.0,1107200.0,0.0,0.0,0.0
2021-12-21,0,0,0,0,0,0,0,0,0,0,2595000.0,836500.0,24740600.0,11097700.0,5353100.0,2251400.0,869900.0,430200.0,430200.0,400.0
2021-12-22,0,0,0,0,0,0,0,0,0,0,1356500.0,666600.0,24831500.0,15089700.0,4464300.0,0.0,0.0,352200.0,352200.0,800.0
2021-12-23,0,0,0,0,0,0,0,0,0,0,1404000.0,514400.0,19617800.0,8721700.0,5446600.0,1594000.0,621300.0,0.0,0.0,0.0
2021-12-24,0,0,0,0,0,0,0,0,0,0,0.0,0.0,0.0,0.0,0.0,0.0,0.0,0.0,0.0,0.0
2021-12-27,0,0,0,0,0,0,0,0,0,0,2470500.0,548200.0,19947000.0,10640700.0,0.0,0.0,582500.0,0.0,0.0,200.0
2021-12-28,0,0,0,0,0,0,0,0,0,0,1528000.0,0.0,0.0,13806800.0,0.0,1230700.0,0.0,346100.0,346100.0,200.0
2021-12-29,0,0,0,0,0,0,0,0,0,0,798000.0,0.0,15042000.0,9051500.0,0.0,0.0,514900.0,0.0,0.0,300.0
2021-12-30,0,0,0,0,0,0,0,0,0,0,1750000.0,0.0,0.0,7509100.0,4636900.0,1177000.0,665000.0,0.0,0.0,0.0
2021-12-31,0,0,0,0,0,0,0,0,0,0,1247000.0,275000.0,0.0,0.0,0.0,0.0,0.0,0.0,0.0,600.0
2022-01-03,0,0,0,0,0,0,0,0,0,0,0.0,0.0,0.0,13208100.0,3388700.0,2033900.0,1335400.0,0.0,0.0,300.0
2022-01-04,0,0,0,0,0,0,0,0,0,0,0.0,708700.0,0.0,0.0,0.0,2110800.0,1242500.0,468900.0,468900.0,0.0
2022-01-05,0,0,0,0,0,0,0,0,0,0,0.0,0.0,0.0,0.0,0.0,0.0,0.0,485800.0,485800.0,500.0
2022-01-06,0,0,0,0,0,0,0,0,0,0,1696000.0,0.0,39646100.0,0.0,3958200.0,0.0,0.0,0.0,0.0,200.0
2022-01-07,0,0,0,0,0,0,0,0,0,0,1455000.0,0.0,0.0,21467900.0,6232700.0,2436000.0,941500.0,0.0,0.0,100.0
2022-01-10,0,0,0,0,0,0,0,0,0,0,2455500.0,0.0,44289500.0,0.0,5479500.0,0.0,0.0,0.0,0.0,0.0
2022-01-11,0,0,0,0,0,0,0,0,0,0,1047500.0,799200.0,29386800.0,10728600.0,4789900.0,1797200.0,7451600.0,0.0,0.0,0.0
2022-01-12,0,0,0,0,0,0,0,0,0,0,0.0,345600.0,0.0,0.0,6737300.0,1677700.0,4328300.0,498700.0,498700.0,0.0
2022-01-13,0,0,0,0,0,0,0,0,0,0,0.0,0.0,0.0,0.0,0.0,0.0,0.0,0.0,0.0,500.0
2022-01-14,0,0,0,0,0,0,0,0,0,0,1167000.0,444700.0,39846400.0,13495700.0,0.0,1633400.0,0.0,0.0,0.0,900.0
2022-01-17,0,0,0,0,0,0,0,0,0,0,0.0,0.0,0.0,0.0,0.0,0.0,0.0,0.0,0.0,0.0
2022-01-18,0,0,0,0,0,0,0,0,0,0,3610000.0,0.0,0.0,0.0,6745000.0,0.0,0.0,0.0,0.0,1500.0
2022-01-19,0,0,0,0,0,0,0,0,0,0,0.0,0.0,0.0,0.0,5555800.0,3820300.0,4733800.0,969700.0,969700.0,0.0
2022-01-20,0,0,0,0,0,0,0,0,0,0,0.0,0.0,0.0,0.0,0.0,3116900.0,0.0,585800.0,585800.0,1000.0
2022-01-21,0,0,0,0,0,0,0,0,0,0,0.0,0.0,0.0,0.0,0.0,3120000.0,2760000.0,861100.0,861100.0,1800.0
2022-01-24,0,0,0,0,0,0,0,0,0,0,0.0,1845900.0,85731500.0,0.0,7616400.0,0.0,2750700.0,0.0,0.0,900.0
2022-01-25,0,0,0,0,0,0,0,0,0,0,0.0,742400.0,0.0,0.0,6320300.0,0.0,0.0,0.0,0.0,300.0
2022-01-26,0,0,0,0,0,0,0,0,0,0,0.0,0.0,0.0,0.0,0.0,0.0,0.0,473700.0,473700.0,0.0
2022-01-27,0,0,0,0,0,0,0,0,0,0,3588500.0,0.0,0.0,0.0,0.0,1781500.0,0.0,0.0,0.0,0.0
2022-01-28,0,0,0,0,0,0,0,0,0,0,3951000.0,964900.0,49743700.0,11203800.0,6262200.0,2155000.0,3444700.0,606000.0,606000.0,0.0
2022-01-31,0,0,0,0,0,0,0,0,0,0,2925000.0,1878200.0,46444500.0,11649500.0,6697900.0,4471000.0,3401300.0,740000.0,740000.0,600.0
2022-02-01,0,0,0,0,0,0,0,0,0,0,1189500.0,1019100.0,0.0,0.0,5281300.0,0.0,0.0,716300.0,716300.0,500.0
2022-02-02,0,0,0,0,0,0,0,0,0,0,0.0,0.0,36636000.0,17386500.0,0.0,5723700.0,2078500.0,641800.0,641800.0,300.0
2022-02-03,0,0,0,0,0,0,0,0,0,0,3557500.0,0.0,0.0,0.0,7105200.0,3409200.0,1602400.0,533700.0,533700.0,100.0
2022-02-04,0,0,0,0,0,0,0,0,0,0,972000.0,815200.0,35096500.0,13259100.0,4810800.0,2397200.0,5633200.0,782100.0,782100.0,600.0
2022-02-07,0,0,0,0,0,0,0,0,0,0,0.0,663300.0,0.0,0.0,6642400.0,0.0,3472500.0,0.0,0.0,200.0
2022-02-08,0,0,0,0,0,0,0,0,0,0,0.0,600000.0,32421200.0,9106200.0,5175900.0,0.0,3850900.0,0.0,0.0,0.0
2022-02-09,0,0,0,0,0,0,0,0,0,0,1201000.0,969400.0,31284700.0,11355900.0,6214400.0,1955800.0,0.0,1637700.0,1637700.0,0.0
2022-02-10,0,0,0,0,0,0,0,0,0,0,0.0,530900.0,0.0,9061300.0,5068000.0,1718600.0,1534500.0,890400.0,890400.0,0.0
2022-02-11,0,0,0,0,0,0,0,0,0,0,2506000.0,0.0,0.0,6971000.0,0.0,0.0,0.0,0.0,0.0,200.0
2022-02-14,0,0,0,0,0,0,0,0,0,0,0.0,797500.0,36359500.0,7059100.0,0.0,0.0,0.0,863000.0,863000.0,0.0
2022-02-15,0,0,0,0,0,0,0,0,0,0,2971500.0,633100.0,27058300.0,0.0,4995000.0,1739100.0,1813400.0,0.0,0.0,0.0
2022-02-16,0,0,0,0,0,0,0,0,0,0,0.0,517600.0,29982100.0,6487300.0,6189000.0,0.0,0.0,711900.0,711900.0,100.0
2022-02-17,0,0,0,0,0,0,0,0,0,0,0.0,0.0,0.0,0.0,0.0,0.0,0.0,0.0,0.0,0.0
2022-02-18,0,0,0,0,0,0,0,0,0,0,1261500.0,0.0,0.0,7753700.0,0.0,0.0,0.0,807300.0,807300.0,0.0
2022-02-21,0,0,0,0,0,0,0,0,0,0,0.0,0.0,0.0,0.0,0.0,0.0,0.0,385600.0,385600.0,0.0
2022-02-22,0,0,0,0,0,0,0,0,0,0,0.0,990000.0,41736100.0,10983600.0,0.0,0.0,1480900.0,572500.0,572500.0,0.0
2022-02-23,0,0,0,0,0,0,0,0,0,0,0.0,0.0,0.0,0.0,0.0,0.0,0.0,0.0,0.0,0.0
2022-02-24,0,0,0,0,0,0,0,0,0,0,1925500.0,1086800.0,56989700.0,10386900.0,3429300.0,2083600.0,1678300.0,1752100.0,1752100.0,200.0
2022-02-25,0,0,0,0,0,0,0,0,0,0,1568500.0,636400.0,32546700.0,5700500.0,3425000.0,2058600.0,1557900.0,1134500.0,1134500.0,0.0
2022-02-28,0,0,0,0,0,0,0,0,0,0,2182500.0,709300.0,34627500.0,10268500.0,0.0,3489100.0,0.0,0.0,0.0,0.0
2022-03-01,0,0,0,0,0,0,0,0,0,0,0.0,0.0,0.0,0.0,3282200.0,0.0,0.0,1211000.0,1211000.0,0.0
2022-03-02,0,0,0,0,0,0,0,0,0,0,1267000.0,488600.0,31873000.0,8034500.0,3849700.0,1641800.0,1561300.0,0.0,0.0,0.0
2022-03-03,0,0,0,0,0,0,0,0,0,0,0.0,0.0,0.0,0.0,0.0,0.0,0.0,0.0,0.0,1700.0
2022-03-04,0,0,0,0,0,0,0,0,0,0,0.0,0.0,0.0,7528200.0,0.0,0.0,0.0,0.0,0.0,47000.0
2022-03-07,0,0,0,0,0,0,0,0,0,0,0.0,0.0,0.0,0.0,0.0,0.0,2015500.0,884300.0,884300.0,700.0
2022-03-08,0,0,0,0,0,0,0,0,0,0,1649000.0,941300.0,0.0,7519800.0,0.0,0.0,0.0,0.0,0.0,2500.0
2022-03-09,0,0,0,0,0,0,0,0,0,0,0.0,873700.0,35204500.0,0.0,2188200.0,2139500.0,1322200.0,0.0,0.0,0.0
2022-03-10,0,0,0,0,0,0,0,0,0,0,647500.0,817000.0,30628000.0,6981400.0,0.0,0.0,1828400.0,0.0,0.0,0.0
2022-03-11,0,0,0,0,0,0,0,0,0,0,0.0,0.0,0.0,0.0,0.0,0.0,0.0,0.0,0.0,3000.0
2022-03-14,0,0,0,0,0,0,0,0,0,0,0.0,0.0,0.0,0.0,0.0,0.0,0.0,0.0,0.0,100.0
2022-03-15,0,0,0,0,0,0,0,0,0,0,1885500.0,826200.0,34245100.0,7352800.0,11952700.0,1815900.0,3258800.0,490600.0,490600.0,0.0
2022-03-16,0,0,0,0,0,0,0,0,0,0,1538000.0,860900.0,37826300.0,0.0,10796100.0,1627800.0,2097300.0,757500.0,757500.0,300.0
2022-03-17,0,0,0,0,0,0,0,0,0,0,0.0,462800.0,30816600.0,0.0,0.0,1297300.0,1534800.0,0.0,0.0,200.0
2022-03-18,0,0,0,0,0,0,0,0,0,0,1569000.0,465600.0,43390600.0,16205000.0,7336100.0,2653400.0,1889400.0,1381100.0,1381100.0,0.0
2022-03-21,0,0,0,0,0,0,0,0,0,0,1331000.0,0.0,28351200.0,7753600.0,0.0,1222100.0,1335400.0,0.0,0.0,0.0
2022-03-22,0,0,0,0,0,0,0,0,0,0,645500.0,573800.0,27599700.0,6444500.0,4281100.0,1710000.0,1485600.0,1079200.0,1079200.0,100.0
2022-03-23,0,0,0,0,0,0,0,0,0,0,1453500.0,0.0,0.0,0.0,11072000.0,0.0,0.0,741600.0,741600.0,200.0
2022-03-24,0,0,0,0,0,0,0,0,0,0,879500.0,550600.0,24484500.0,3717400.0,0.0,2273400.0,1038200.0,643600.0,643600.0,0.0
2022-03-25,0,0,0,0,0,0,0,0,0,0,0.0,779300.0,0.0,0.0,0.0,1315600.0,1589000.0,834400.0,834400.0,0.0
2022-03-28,0,0,0,0,0,0,0,0,0,0,2193500.0,709900.0,29578200.0,4970300.0,5205200.0,1066000.0,1376000.0,595100.0,595100.0,0.0
2022-03-29,0,0,0,0,0,0,0,0,0,0,0.0,0.0,30393400.0,5527000.0,5332200.0,0.0,1395700.0,686500.0,686500.0,0.0
2022-03-30,0,0,0,0,0,0,0,0,0,0,5020000.0,0.0,28163600.0,0.0,0.0,0.0,0.0,0.0,0.0,0.0
2022-03-31,0,0,0,0,0,0,0,0,0,0,0.0,0.0,0.0,0.0,0.0,0.0,0.0,0.0,0.0,0.0
2022-04-01,0,0,0,0,0,0,0,0,0,0,1420000.0,0.0,27110500.0,3759300.0,0.0,0.0,0.0,647900.0,647900.0,0.0
2022-04-04,0,0,0,0,0,0,0,0,0,0,1013000.0,746500.0,24289600.0,0.0,3843700.0,1522600.0,1268000.0,320000.0,320000.0,0.0
2022-04-05,0,0,0,0,0,0,0,0,0,0,0.0,0.0,0.0,0.0,0.0,0.0,0.0,0.0,0.0,100.0
2022-04-06,0,0,0,0,0,0,0,0,0,0,1187500.0,0.0,0.0,4879400.0,0.0,0.0,0.0,614500.0,614500.0,200.0
2022-04-07,0,0,0,0,0,0,0,0,0,0,0.0,0.0,31411200.0,0.0,0.0,0.0,0.0,547400.0,547400.0,200.0
2022-04-08,0,0,0,0,0,0,0,0,0,0,0.0,599100.0,0.0,3146600.0,3005400.0,1282400.0,0.0,0.0,0.0,300.0
2022-04-11,0,0,0,0,0,0,0,0,0,0,0.0,0.0,0.0,0.0,0.0,0.0,1298100.0,489300.0,489300.0,0.0
2022-04-12,0,0,0,0,0,0,0,0,0,0,0.0,0.0,0.0,0.0,0.0,2581800.0,0.0,0.0,0.0,0.0
2022-04-13,0,0,0,0,0,0,0,0,0,0,1173500.0,818800.0,21907200.0,0.0,2485900.0,0.0,1541800.0,523200.0,523200.0,0.0
2022-04-14,0,0,0,0,0,0,0,0,0,0,0.0,0.0,0.0,0.0,0.0,0.0,0.0,513400.0,513400.0,0.0
2022-04-15,0,0,0,0,0,0,0,0,0,0,0.0,0.0,0.0,0.0,0.0,0.0,0.0,355900.0,355900.0,0.0
2022-04-18,0,0,0,0,0,0,0,0,0,0,0.0,841900.0,20778000.0,6200600.0,2273500.0,0.0,0.0,365300.0,365300.0,100.0
2022-04-19,0,0,0,0,0,0,0,0,0,0,1215000.0,1074800.0,22297700.0,3455300.0,3828400.0,1547300.0,2485900.0,0.0,0.0,200.0
2022-04-20,0,0,0,0,0,0,0,0,0,0,0.0,0.0,0.0,0.0,0.0,0.0,0.0,0.0,0.0,0.0
2022-04-21,0,0,0,0,0,0,0,0,0,0,0.0,0.0,0.0,0.0,0.0,2442400.0,0.0,625000.0,625000.0,0.0
2022-04-22,0,0,0,0,0,0,0,0,0,0,0.0,0.0,0.0,0.0,0.0,4237300.0,3813700.0,0.0,0.0,300.0
2022-04-25,0,0,0,0,0,0,0,0,0,0,1125000.0,1100200.0,35678900.0,0.0,4554300.0,2718400.0,0.0,536700.0,536700.0,0.0
2022-04-26,0,0,0,0,0,0,0,0,0,0,0.0,0.0,0.0,0.0,0.0,0.0,0.0,0.0,0.0,100.0
2022-04-27,0,0,0,0,0,0,0,0,0,0,0.0,1091000.0,63477700.0,0.0,3816300.0,0.0,0.0,679300.0,679300.0,100.0
2022-04-28,0,0,0,0,0,0,0,0,0,0,0.0,736000.0,33646600.0,8164800.0,3084500.0,1663000.0,2609700.0,655700.0,655700.0,100.0
2022-04-29,0,0,0,0,0,0,0,0,0,0,0.0,0.0,0.0,0.0,0.0,0.0,0.0,0.0,0.0,100.0
2022-05-02,0,0,0,0,0,0,0,0,0,0,2965500.0,622900.0,35151100.0,14708200.0,4237100.0,2932200.0,1456800.0,0.0,0.0,700.0
2022-05-03,0,0,0,0,0,0,0,0,0,0,1510000.0,541300.0,0.0,10984100.0,4263700.0,2319200.0,1432300.0,0.0,0.0,0.0
2022-05-04,0,0,0,0,0,0,0,0,0,0,1295000.0,446600.0,33599300.0,8101500.0,6898400.0,1865200.0,1540200.0,0.0,0.0,0.0
2022-05-05,0,0,0,0,0,0,0,0,0,0,0.0,0.0,0.0,0.0,0.0,0.0,0.0,0.0,0.0,0.0
2022-05-06,0,0,0,0,0,0,0,0,0,0,2323500.0,0.0,0.0,0.0,0.0,0.0,0.0,697500.0,697500.0,0.0
2022-05-09,0,0,0,0,0,0,0,0,0,0,2535000.0,0.0,0.0,0.0,0.0,0.0,0.0,0.0,0.0,300.0
2022-05-10,0,0,0,0,0,0,0,0,0,0,0.0,0.0,0.0,0.0,0.0,0.0,0.0,0.0,0.0,0.0
2022-05-11,0,0,0,0,0,0,0,0,0,0,0.0,0.0,0.0,6490000.0,0.0,7986700.0,3931800.0,713500.0,713500.0,0.0
2022-05-12,0,0,0,0,0,0,0,0,0,0,1671500.0,1698500.0,0.0,5109200.0,4041900.0,4545000.0,2926700.0,0.0,0.0,0.0
2022-05-13,0,0,0,0,0,0,0,0,0,0,1243500.0,884400.0,34925100.0,4681300.0,2269100.0,3682500.0,3222700.0,845800.0,845800.0,0.0
2022-05-16,0,0,0,0,0,0,0,0,0,0,1340000.0,546100.0,32550900.0,3481700.0,2126200.0,2901900.0,4691200.0,677700.0,677700.0,0.0
2022-05-17,0,0,0,0,0,0,0,0,0,0,1844500.0,562300.0,28828800.0,4087200.0,0.0,3920200.0,8128000.0,476300.0,476300.0,0.0
2022-05-18,0,0,0,0,0,0,0,0,0,0,0.0,0.0,0.0,0.0,0.0,4177100.0,4142700.0,478400.0,478400.0,700.0
2022-05-19,0,0,0,0,0,0,0,0,0,0,2281500.0,778500.0,0.0,0.0,5243100.0,3542800.0,0.0,483700.0,483700.0,300.0
2022-05-20,0,0,0,0,0,0,0,0,0,0,0.0,806100.0,0.0,0.0,0.0,0.0,0.0,498900.0,498900.0,0.0
2022-05-23,0,0,0,0,0,0,0,0,0,0,1604000.0,687200.0,33175400.0,0.0,0.0,0.0,7573700.0,580600.0,580600.0,0.0
2022-05-24,0,0,0,0,0,0,0,0,0,0,3346000.0,647500.0,29043900.0,0.0,0.0,4920100.0,5057200.0,1016300.0,1016300.0,0.0
2022-05-25,0,0,0,0,0,0,0,0,0,0,1160500.0,827900.0,28547900.0,3468900.0,3782000.0,2717200.0,3580600.0,0.0,0.0,300.0
2022-05-26,0,0,0,0,0,0,0,0,0,0,832500.0,564100.0,25002100.0,4489300.0,3740400.0,1685600.0,3394600.0,981400.0,981400.0,0.0
2022-05-27,0,0,0,0,0,0,0,0,0,0,901000.0,649400.0,26910800.0,0.0,2118100.0,0.0,3540000.0,0.0,0.0,500.0
2022-05-30,0,0,0,0,0,0,0,0,0,0,0.0,0.0,0.0,0.0,0.0,0.0,0.0,652300.0,652300.0,0.0
2022-05-31,0,0,0,0,0,0,0,0,0,0,0.0,877400.0,0.0,11771200.0,0.0,2880300.0,0.0,0.0,0.0,600.0
2022-06-01,0,0,0,0,0,0,0,0,0,0,0.0,0.0,0.0,0.0,0.0,2134500.0,0.0,0.0,0.0,0.0
2022-06-02,0,0,0,0,0,0,0,0,0,0,2180000.0,644300.0,44008200.0,3409600.0,2389800.0,2868100.0,2453300.0,528100.0,528100.0,0.0
2022-06-03,0,0,0,0,0,0,0,0,0,0,1653000.0,0.0,0.0,2639700.0,0.0,2924200.0,1688300.0,0.0,0.0,0.0
2022-06-06,0,0,0,0,0,0,0,0,0,0,1456500.0,0.0,0.0,0.0,0.0,0.0,0.0,394300.0,394300.0,0.0
2022-06-07,0,0,0,0,0,0,0,0,0,0,1702500.0,441700.0,22860700.0,2192400.0,2281000.0,1847200.0,2697500.0,381400.0,381400.0,5600.0
2022-06-08,0,0,0,0,0,0,0,0,0,0,910500.0,498300.0,0.0,0.0,6693500.0,0.0,0.0,0.0,0.0,0.0
2022-06-09,0,0,0,0,0,0,0,0,0,0,0.0,0.0,0.0,0.0,0.0,0.0,0.0,614700.0,614700.0,0.0
2022-06-10,0,0,0,0,0,0,0,0,0,0,0.0,0.0,0.0,0.0,0.0,0.0,2465400.0,0.0,0.0,0.0
2022-06-13,0,0,0,0,0,0,0,0,0,0,0.0,0.0,0.0,0.0,0.0,0.0,0.0,483300.0,483300.0,1200.0
2022-06-14,0,0,0,0,0,0,0,0,0,0,0.0,0.0,28651500.0,0.0,3266800.0,0.0,0.0,0.0,0.0,100.0
2022-06-15,0,0,0,0,0,0,0,0,0,0,1305000.0,633600.0,33111700.0,5679500.0,2875400.0,2210100.0,2361100.0,0.0,0.0,0.0
2022-06-16,0,0,0,0,0,0,0,0,0,0,1297000.0,0.0,0.0,0.0,0.0,2329600.0,2072500.0,0.0,0.0,0.0
2022-06-17,0,0,0,0,0,0,0,0,0,0,0.0,828700.0,43084800.0,9405700.0,0.0,3726000.0,3398400.0,1014300.0,1014300.0,2500.0
2022-06-20,0,0,0,0,0,0,0,0,0,0,0.0,0.0,0.0,0.0,0.0,0.0,0.0,0.0,0.0,0.0
2022-06-21,0,0,0,0,0,0,0,0,0,0,0.0,0.0,29928300.0,6810500.0,0.0,2222900.0,2854900.0,0.0,0.0,0.0
2022-06-22,0,0,0,0,0,0,0,0,0,0,1089000.0,580100.0,25939900.0,4180300.0,3540600.0,0.0,1524400.0,0.0,0.0,0.0
2022-06-23,0,0,0,0,0,0,0,0,0,0,1358000.0,0.0,25861400.0,3614000.0,2349200.0,0.0,1656400.0,0.0,0.0,0.0
2022-06-24,0,0,0,0,0,0,0,0,0,0,0.0,909900.0,33923200.0,6541300.0,3029300.0,6940500.0,4585800.0,540800.0,540800.0,0.0
2022-06-27,0,0,0,0,0,0,0,0,0,0,0.0,0.0,0.0,5836600.0,0.0,0.0,0.0,0.0,0.0,4000.0
2022-06-28,0,0,0,0,0,0,0,0,0,0,0.0,0.0,0.0,0.0,0.0,0.0,0.0,635700.0,635700.0,200.0
2022-06-29,0,0,0,0,0,0,0,0,0,0,0.0,0.0,20069800.0,4533300.0,3858000.0,0.0,0.0,850500.0,850500.0,0.0
2022-06-30,0,0,0,0,0,0,0,0,0,0,1001500.0,681600.0,0.0,4205000.0,3544100.0,0.0,0.0,0.0,0.0,0.0
2022-07-01,0,0,0,0,0,0,0,0,0,0,0.0,559700.0,22837700.0,4210600.0,0.0,1185900.0,1003500.0,660100.0,660100.0,0.0
2022-07-04,0,0,0,0,0,0,0,0,0,0,0.0,0.0,0.0,0.0,0.0,0.0,0.0,369900.0,369900.0,0.0
2022-07-05,0,0,0,0,0,0,0,0,0,0,893000.0,789600.0,22941000.0,5144400.0,4468500.0,1773100.0,1783500.0,597000.0,597000.0,0.0
2022-07-06,0,0,0,0,0,0,0,0,0,0,0.0,0.0,23824400.0,0.0,0.0,0.0,0.0,624800.0,624800.0,0.0
2022-07-07,0,0,0,0,0,0,0,0,0,0,1843500.0,650600.0,20859900.0,4356500.0,3151400.0,1770100.0,1463400.0,601900.0,601900.0,0.0
2022-07-08,0,0,0,0,0,0,0,0,0,0,663500.0,521400.0,19658800.0,0.0,0.0,1386000.0,0.0,0.0,0.0,0.0
2022-07-11,0,0,0,0,0,0,0,0,0,0,0.0,0.0,0.0,0.0,0.0,0.0,0.0,0.0,0.0,1200.0
2022-07-12,0,0,0,0,0,0,0,0,0,0,479000.0,415700.0,0.0,0.0,1793400.0,0.0,0.0,0.0,0.0,200.0
2022-07-13,0,0,0,0,0,0,0,0,0,0,832500.0,500600.0,29497400.0,0.0,3934700.0,1726000.0,1550400.0,394000.0,394000.0,0.0
2022-07-14,0,0,0,0,0,0,0,0,0,0,0.0,501000.0,25102800.0,3252200.0,0.0,1315300.0,2260900.0,456700.0,456700.0,500.0
2022-07-15,0,0,0,0,0,0,0,0,0,0,2085000.0,461500.0,29774100.0,5725300.0,1968000.0,1244600.0,1089100.0,491700.0,491700.0,0.0
2022-07-18,0,0,0,0,0,0,0,0,0,0,1775500.0,0.0,0.0,0.0,0.0,0.0,0.0,0.0,0.0,0.0
2022-07-19,0,0,0,0,0,0,0,0,0,0,0.0,544900.0,25012600.0,5736900.0,2865600.0,1854800.0,1483500.0,0.0,0.0,100.0
2022-07-20,0,0,0,0,0,0,0,0,0,0,1006000.0,0.0,22788300.0,4270400.0,0.0,1365100.0,1409500.0,683200.0,683200.0,0.0
2022-07-21,0,0,0,0,0,0,0,0,0,0,0.0,366600.0,22404700.0,3479900.0,2060900.0,2306100.0,1303600.0,724300.0,724300.0,0.0
2022-07-22,0,0,0,0,0,0,0,0,0,0,0.0,0.0,0.0,0.0,0.0,1486200.0,0.0,555600.0,555600.0,100.0
2022-07-25,0,0,0,0,0,0,0,0,0,0,0.0,0.0,0.0,5055500.0,1896200.0,0.0,1170600.0,333900.0,333900.0,0.0
2022-07-26,0,0,0,0,0,0,0,0,0,0,0.0,0.0,0.0,0.0,0.0,1571300.0,1564100.0,0.0,0.0,0.0
2022-07-27,0,0,0,0,0,0,0,0,0,0,478000.0,509400.0,45994000.0,5012700.0,2885400.0,1697900.0,2203100.0,0.0,0.0,100.0
2022-07-28,0,0,0,0,0,0,0,0,0,0,0.0,539200.0,33459300.0,0.0,0.0,1441700.0,0.0,471700.0,471700.0,0.0
2022-07-29,0,0,0,0,0,0,0,0,0,0,888500.0,1707200.0,32152800.0,3859700.0,0.0,0.0,1885600.0,597000.0,597000.0,400.0
2022-08-01,0,0,0,0,0,0,0,0,0,0,611000.0,1683500.0,21539600.0,3215100.0,0.0,1652600.0,0.0,0.0,0.0,100.0
2022-08-02,0,0,0,0,0,0,0,0,0,0,0.0,0.0,0.0,0.0,17385400.0,0.0,1488200.0,0.0,0.0,0.0
2022-08-03,0,0,0,0,0,0,0,0,0,0,0.0,1524000.0,23518900.0,6732300.0,14432900.0,2210800.0,1671600.0,0.0,0.0,0.0
2022-08-04,0,0,0,0,0,0,0,0,0,0,974000.0,0.0,18098700.0,3666200.0,0.0,0.0,0.0,0.0,0.0,400.0
2022-08-05,0,0,0,0,0,0,0,0,0,0,0.0,816400.0,16774600.0,2385000.0,0.0,1178600.0,2121100.0,1158500.0,1158500.0,0.0
2022-08-08,0,0,0,0,0,0,0,0,0,0,0.0,0.0,0.0,7409800.0,0.0,0.0,0.0,0.0,0.0,0.0
2022-08-09,0,0,0,0,0,0,0,0,0,0,799000.0,0.0,23405200.0,0.0,0.0,0.0,0.0,620500.0,620500.0,0.0
2022-08-10,0,0,0,0,0,0,0,0,0,0,892500.0,611100.0,24687800.0,0.0,2628200.0,1640500.0,3167000.0,0.0,0.0,0.0
2022-08-11,0,0,0,0,0,0,0,0,0,0,829000.0,0.0,0.0,0.0,3367000.0,0.0,0.0,0.0,0.0,200.0
2022-08-12,0,0,0,0,0,0,0,0,0,0,972000.0,386600.0,22619700.0,5823000.0,5965400.0,1000300.0,1842600.0,0.0,0.0,100.0
2022-08-15,0,0,0,0,0,0,0,0,0,0,0.0,343000.0,18085700.0,4121300.0,3508100.0,1133100.0,2157400.0,642300.0,642300.0,100.0
2022-08-16,0,0,0,0,0,0,0,0,0,0,0.0,0.0,18102900.0,5647400.0,3868300.0,2037000.0,3772600.0,973500.0,973500.0,0.0
2022-08-17,0,0,0,0,0,0,0,0,0,0,0.0,642100.0,18253400.0,0.0,15760800.0,0.0,0.0,1495100.0,1495100.0,0.0
2022-08-18,0,0,0,0,0,0,0,0,0,0,1823000.0,352900.0,0.0,0.0,3028600.0,0.0,0.0,780300.0,780300.0,100.0
2022-08-19,0,0,0,0,0,0,0,0,0,0,0.0,0.0,0.0,0.0,0.0,0.0,0.0,0.0,0.0,0.0
2022-08-22,0,0,0,0,0,0,0,0,0,0,0.0,0.0,0.0,0.0,0.0,0.0,0.0,0.0,0.0,0.0
2022-08-23,0,0,0,0,0,0,0,0,0,0,0.0,0.0,17527400.0,0.0,2896200.0,0.0,0.0,0.0,0.0,0.0
2022-08-24,0,0,0,0,0,0,0,0,0,0,0.0,425400.0,18137000.0,0.0,4805300.0,0.0,0.0,0.0,0.0,0.0
2022-08-25,0,0,0,0,0,0,0,0,0,0,0.0,567400.0,16583400.0,0.0,5450100.0,878500.0,1004800.0,339500.0,339500.0,0.0
2022-08-26,0,0,0,0,0,0,0,0,0,0,2527500.0,0.0,0.0,0.0,0.0,0.0,0.0,404100.0,404100.0,1100.0
2022-08-29,0,0,0,0,0,0,0,0,0,0,0.0,563800.0,0.0,3656800.0,0.0,0.0,0.0,0.0,0.0,200.0
2022-08-30,0,0,0,0,0,0,0,0,0,0,0.0,0.0,0.0,0.0,0.0,0.0,0.0,376900.0,376900.0,0.0
2022-08-31,0,0,0,0,0,0,0,0,0,0,0.0,0.0,0.0,0.0,0.0,0.0,0.0,553300.0,553300.0,1400.0
2022-09-01,0,0,0,0,0,0,0,0,0,0,0.0,0.0,23263400.0,4867400.0,0.0,1497700.0,0.0,0.0,0.0,2000.0
2022-09-02,0,0,0,0,0,0,0,0,0,0,0.0,0.0,0.0,0.0,0.0,0.0,0.0,0.0,0.0,100.0
2022-09-05,0,0,0,0,0,0,0,0,0,0,0.0,0.0,0.0,0.0,0.0,0.0,0.0,437600.0,437600.0,0.0
2022-09-06,0,0,0,0,0,0,0,0,0,0,0.0,0.0,0.0,0.0,0.0,2205700.0,1541800.0,0.0,0.0,0.0
2022-09-07,0,0,0,0,0,0,0,0,0,0,3389500.0,843800.0,24126700.0,3830200.0,3022300.0,2355300.0,1073900.0,0.0,0.0,0.0
2022-09-08,0,0,0,0,0,0,0,0,0,0,0.0,0.0,20319900.0,0.0,3248000.0,1719100.0,1434200.0,1003200.0,1003200.0,0.0
2022-09-09,0,0,0,0,0,0,0,0,0,0,0.0,510600.0,22084700.0,5829500.0,0.0,1651400.0,2058700.0,1007200.0,1007200.0,300.0
2022-09-12,0,0,0,0,0,0,0,0,0,0,2204000.0,505700.0,18747700.0,0.0,2034200.0,1707800.0,1706600.0,0.0,0.0,1700.0
2022-09-13,0,0,0,0,0,0,0,0,0,0,0.0,0.0,0.0,0.0,0.0,0.0,1363900.0,0.0,0.0,0.0
2022-09-14,0,0,0,0,0,0,0,0,0,0,1847000.0,0.0,0.0,0.0,0.0,0.0,1906900.0,799400.0,799400.0,0.0
2022-09-15,0,0,0,0,0,0,0,0,0,0,1219500.0,0.0,0.0,5475800.0,0.0,0.0,1412900.0,0.0,0.0,0.0
2022-09-16,0,0,0,0,0,0,0,0,0,0,769000.0,645700.0,39791800.0,0.0,0.0,0.0,0.0,819300.0,819300.0,100.0
2022-09-19,0,0,0,0,0,0,0,0,0,0,989000.0,588700.0,26826900.0,5836500.0,3181500.0,1722300.0,3071500.0,0.0,0.0,0.0
2022-09-20,0,0,0,0,0,0,0,0,0,0,0.0,0.0,26660300.0,0.0,0.0,0.0,0.0,0.0,0.0,0.0
2022-09-21,0,0,0,0,0,0,0,0,0,0,966000.0,0.0,0.0,5319800.0,0.0,0.0,0.0,0.0,0.0,0.0
2022-09-22,0,0,0,0,0,0,0,0,0,0,0.0,0.0,31061200.0,8426000.0,0.0,1385400.0,0.0,556400.0,556400.0,0.0
2022-09-23,0,0,0,0,0,0,0,0,0,0,0.0,0.0,0.0,0.0,2081600.0,0.0,0.0,0.0,0.0,0.0
2022-09-26,0,0,0,0,0,0,0,0,0,0,0.0,0.0,27694200.0,0.0,2703700.0,0.0,0.0,0.0,0.0,0.0
2022-09-27,0,0,0,0,0,0,0,0,0,0,2430500.0,0.0,0.0,6325200.0,0.0,0.0,0.0,639600.0,639600.0,0.0
2022-09-28,0,0,0,0,0,0,0,0,0,0,1207000.0,1546500.0,29029700.0,7529300.0,2424800.0,2091900.0,1908700.0,0.0,0.0,0.0
2022-09-29,0,0,0,0,0,0,0,0,0,0,0.0,0.0,0.0,0.0,0.0,0.0,0.0,836200.0,836200.0,0.0
2022-09-30,0,0,0,0,0,0,0,0,0,0,2238500.0,0.0,0.0,0.0,2244300.0,0.0,0.0,0.0,0.0,0.0
2022-10-03,0,0,0,0,0,0,0,0,0,0,2915500.0,1746300.0,28880400.0,0.0,2339100.0,2602000.0,1735000.0,705600.0,705600.0,300.0
2022-10-04,0,0,0,0,0,0,0,0,0,0,1336500.0,1144500.0,34888400.0,9470300.0,3995900.0,2039000.0,1606500.0,747700.0,747700.0,300.0
2022-10-05,0,0,0,0,0,0,0,0,0,0,1939400.0,635000.0,20347100.0,0.0,1896300.0,0.0,1316000.0,0.0,0.0,300.0
2022-10-06,0,0,0,0,0,0,0,0,0,0,0.0,0.0,0.0,0.0,0.0,1558300.0,2837600.0,447900.0,447900.0,300.0
2022-10-07,0,0,0,0,0,0,0,0,0,0,0.0,0.0,0.0,0.0,0.0,0.0,1507200.0,0.0,0.0,0.0
2022-10-10,0,0,0,0,0,0,0,0,0,0,0.0,0.0,0.0,4283000.0,0.0,0.0,0.0,0.0,0.0,0.0
2022-10-11,0,0,0,0,0,0,0,0,0,0,0.0,0.0,0.0,0.0,0.0,0.0,0.0,742300.0,742300.0,0.0
2022-10-12,0,0,0,0,0,0,0,0,0,0,915300.0,0.0,21903900.0,0.0,0.0,0.0,0.0,441000.0,441000.0,100.0
2022-10-13,0,0,0,0,0,0,0,0,0,0,1520300.0,948400.0,42551800.0,6169100.0,4376000.0,1624700.0,1910900.0,0.0,0.0,100.0
2022-10-14,0,0,0,0,0,0,0,0,0,0,0.0,0.0,0.0,0.0,0.0,0.0,0.0,849400.0,849400.0,100.0
2022-10-17,0,0,0,0,0,0,0,0,0,0,1150700.0,897500.0,28142300.0,0.0,3684500.0,0.0,0.0,465200.0,465200.0,100.0
2022-10-18,0,0,0,0,0,0,0,0,0,0,0.0,0.0,0.0,5305700.0,0.0,1513600.0,1087700.0,601000.0,601000.0,0.0
2022-10-19,0,0,0,0,0,0,0,0,0,0,0.0,0.0,0.0,4602600.0,0.0,1347700.0,1273600.0,532000.0,532000.0,0.0
2022-10-20,0,0,0,0,0,0,0,0,0,0,587900.0,512400.0,21811000.0,5179000.0,4584400.0,0.0,1435900.0,484600.0,484600.0,0.0
2022-10-21,0,0,0,0,0,0,0,0,0,0,570000.0,1009300.0,26299700.0,0.0,3293200.0,1605700.0,1005500.0,0.0,0.0,0.0
2022-10-24,0,0,0,0,0,0,0,0,0,0,0.0,926700.0,24911200.0,0.0,0.0,1344500.0,0.0,0.0,0.0,0.0
2022-10-25,0,0,0,0,0,0,0,0,0,0,1240600.0,837600.0,34775500.0,0.0,0.0,1634500.0,1309100.0,0.0,0.0,0.0
2022-10-26,0,0,0,0,0,0,0,0,0,0,610900.0,718300.0,82543200.0,0.0,7229500.0,0.0,0.0,0.0,0.0,0.0
2022-10-27,0,0,0,0,0,0,0,0,0,0,0.0,0.0,0.0,4538200.0,0.0,2233800.0,0.0,0.0,0.0,0.0
2022-10-28,0,0,0,0,0,0,0,0,0,0,984500.0,731700.0,40647700.0,7212400.0,5048700.0,0.0,1388200.0,1107900.0,1107900.0,100.0
2022-10-31,0,0,0,0,0,0,0,0,0,0,891600.0,1005900.0,0.0,0.0,0.0,0.0,0.0,640300.0,640300.0,200.0
2022-11-01,0,0,0,0,0,0,0,0,0,0,0.0,3487100.0,0.0,5806700.0,0.0,0.0,0.0,476600.0,476600.0,200.0
2022-11-02,0,0,0,0,0,0,0,0,0,0,638600.0,0.0,0.0,0.0,0.0,4902200.0,0.0,0.0,0.0,0.0
2022-11-03,0,0,0,0,0,0,0,0,0,0,0.0,1256200.0,0.0,0.0,3816000.0,0.0,0.0,0.0,0.0,0.0
2022-11-04,0,0,0,0,0,0,0,0,0,0,838000.0,1397600.0,36789100.0,0.0,5699800.0,2231500.0,0.0,0.0,0.0,100.0
2022-11-07,0,0,0,0,0,0,0,0,0,0,0.0,1856900.0,33498000.0,0.0,0.0,2714600.0,0.0,635100.0,635100.0,500.0
2022-11-08,0,0,0,0,0,0,0,0,0,0,0.0,1596600.0,28192500.0,8805000.0,2784100.0,0.0,19320500.0,545600.0,545600.0,0.0
2022-11-09,0,0,0,0,0,0,0,0,0,0,0.0,0.0,0.0,0.0,0.0,0.0,3967800.0,0.0,0.0,200.0
2022-11-10,0,0,0,0,0,0,0,0,0,0,3054600.0,1401900.0,46268000.0,9191700.0,4266700.0,2564900.0,3100500.0,0.0,0.0,0.0
2022-11-11,0,0,0,0,0,0,0,0,0,0,949000.0,1136400.0,34620200.0,4453900.0,4283700.0,2057800.0,4107000.0,0.0,0.0,500.0
2022-11-14,0,0,0,0,0,0,0,0,0,0,3173900.0,0.0,0.0,0.0,0.0,0.0,0.0,0.0,0.0,200.0
2022-11-15,0,0,0,0,0,0,0,0,0,0,0.0,0.0,0.0,0.0,8100900.0,0.0,0.0,0.0,0.0,0.0
2022-11-16,0,0,0,0,0,0,0,0,0,0,400600.0,0.0,0.0,5514500.0,0.0,1464600.0,2506000.0,953600.0,953600.0,100.0
2022-11-17,0,0,0,0,0,0,0,0,0,0,1008900.0,608600.0,23123500.0,7084200.0,6033300.0,1437900.0,1710900.0,0.0,0.0,0.0
2022-11-18,0,0,0,0,0,0,0,0,0,0,0.0,0.0,0.0,0.0,0.0,1648500.0,0.0,815100.0,815100.0,0.0
2022-11-21,0,0,0,0,0,0,0,0,0,0,941000.0,0.0,26394700.0,6223600.0,0.0,0.0,0.0,0.0,0.0,0.0
2022-11-22,0,0,0,0,0,0,0,0,0,0,703900.0,625200.0,19665700.0,5302700.0,1810200.0,1509400.0,1714200.0,654500.0,654500.0,100.0
2022-11-23,0,0,0,0,0,0,0,0,0,0,869700.0,659600.0,19508500.0,3936100.0,2958300.0,1574800.0,1170700.0,0.0,0.0,0.0
2022-11-24,0,0,0,0,0,0,0,0,0,0,0.0,0.0,0.0,0.0,0.0,0.0,0.0,634400.0,634400.0,0.0
2022-11-25,0,0,0,0,0,0,0,0,0,0,352800.0,416900.0,9200800.0,0.0,0.0,0.0,939700.0,0.0,0.0,100.0
2022-11-28,0,0,0,0,0,0,0,0,0,0,0.0,0.0,0.0,10881600.0,4029300.0,0.0,0.0,803100.0,803100.0,200.0
2022-11-29,0,0,0,0,0,0,0,0,0,0,830500.0,750500.0,0.0,6277600.0,3301700.0,0.0,0.0,0.0,0.0,0.0
2022-11-30,0,0,0,0,0,0,0,0,0,0,663700.0,937800.0,47594200.0,9736700.0,5791300.0,2809700.0,4514100.0,1588600.0,1588600.0,0.0
2022-12-01,0,0,0,0,0,0,0,0,0,0,795200.0,827800.0,26041500.0,7389900.0,0.0,0.0,1586900.0,0.0,0.0,0.0
2022-12-02,0,0,0,0,0,0,0,0,0,0,788600.0,706200.0,21528500.0,6146900.0,5648700.0,1233200.0,1857800.0,0.0,0.0,0.0
2022-12-05,0,0,0,0,0,0,0,0,0,0,0.0,0.0,0.0,0.0,0.0,0.0,0.0,835100.0,835100.0,0.0
2022-12-06,0,0,0,0,0,0,0,0,0,0,868800.0,0.0,0.0,0.0,0.0,0.0,0.0,0.0,0.0,0.0
2022-12-07,0,0,0,0,0,0,0,0,0,0,913900.0,0.0,0.0,0.0,2112300.0,0.0,0.0,0.0,0.0,0.0
2022-12-08,0,0,0,0,0,0,0,0,0,0,966600.0,1035000.0,22611800.0,0.0,2587500.0,0.0,1558500.0,0.0,0.0,0.0
2022-12-09,0,0,0,0,0,0,0,0,0,0,0.0,1016000.0,20609700.0,8249900.0,0.0,0.0,1656600.0,1002200.0,1002200.0,0.0
2022-12-12,0,0,0,0,0,0,0,0,0,0,0.0,894000.0,30665100.0,11321200.0,0.0,0.0,1770500.0,614200.0,614200.0,0.0
2022-12-13,0,0,0,0,0,0,0,0,0,0,0.0,0.0,0.0,0.0,0.0,0.0,0.0,0.0,0.0,0.0
2022-12-14,0,0,0,0,0,0,0,0,0,0,0.0,0.0,35410900.0,4889600.0,2049700.0,0.0,1675100.0,1069000.0,1069000.0,100.0
2022-12-15,0,0,0,0,0,0,0,0,0,0,0.0,0.0,0.0,0.0,0.0,0.0,0.0,0.0,0.0,0.0
2022-12-16,0,0,0,0,0,0,0,0,0,0,2901100.0,618600.0,0.0,8680400.0,0.0,4312600.0,0.0,0.0,0.0,200.0
2022-12-19,0,0,0,0,0,0,0,0,0,0,0.0,0.0,0.0,0.0,0.0,0.0,0.0,0.0,0.0,0.0
2022-12-20,0,0,0,0,0,0,0,0,0,0,1084400.0,785800.0,25150800.0,3189500.0,1948300.0,0.0,2379000.0,0.0,0.0,0.0
2022-12-21,0,0,0,0,0,0,0,0,0,0,0.0,0.0,23690600.0,0.0,2408400.0,1615100.0,1657000.0,724300.0,724300.0,1000.0
2022-12-22,0,0,0,0,0,0,0,0,0,0,0.0,0.0,0.0,3139900.0,0.0,0.0,1856500.0,0.0,0.0,100.0
2022-12-23,0,0,0,0,0,0,0,0,0,0,801500.0,617900.0,21207000.0,2069300.0,0.0,844700.0,1154000.0,337500.0,337500.0,700.0
2022-12-26,0,0,0,0,0,0,0,0,0,0,0.0,0.0,0.0,0.0,0.0,0.0,0.0,295300.0,295300.0,0.0
2022-12-27,0,0,0,0,0,0,0,0,0,0,0.0,0.0,0.0,0.0,4433500.0,0.0,1225100.0,0.0,0.0,100.0
2022-12-28,0,0,0,0,0,0,0,0,0,0,0.0,0.0,0.0,3049900.0,0.0,0.0,1928800.0,0.0,0.0,200.0
2022-12-29,0,0,0,0,0,0,0,0,0,0,684300.0,574500.0,19770700.0,3150100.0,4546700.0,1222800.0,1526400.0,541200.0,541200.0,0.0
2022-12-30,0,0,0,0,0,0,0,0,0,0,862900.0,413500.0,21938500.0,2710400.0,1505500.0,1164400.0,1749700.0,0.0,0.0,100.0
